title,total_time,vid_quality,view_ct,uploader_name,upvotes,downvotes,video_tags,comment_ct,url
Japanese gangbang ,1 h 58 min,0p,1413842,Cuntakinte01,3.2k,827,gangbang|japanese|big-tits,12,https://www.xvideos.com/video53922545/japanese_gangbang
Biggest cumshot ever ,3 min,0p,8784585,Sambalawe,10.9k,3k,cumshot|condom|asian|biggest,63,https://www.xvideos.com/video16302577/biggest_cumshot_ever
Anri Okita Oil Massage ,26 min,0p,1336630,Andyfien,2.7k,435,sex|ass|pussyfucking|big-ass|massage|japanese|grope,8,https://www.xvideos.com/video49141167/anri_okita_oil_massage
Anri Okita and Katerina Hartlova ,16 min,0p,88865,Joak76,234,43,lesbian|licking|blonde|asian|big-tits|big-boobs,0,https://www.xvideos.com/video57164595/anri_okita_and_katerina_hartlova
Milena Velba &lpar;feat Hitomi Tanaka & Okita Anri&rpar; - Lesbian BigTits ,18 min,720p,1882249,Axxxe00,4.4k,928,girls|lesbians|sucking|classroom|big-tits|natural-tits|hitomi-tanaka|milena-velba|okita-anri,55,https://www.xvideos.com/video50004477/milena_velba_feat_hitomi_tanaka_and_okita_anri_-_lesbian_bigtits
Bigtitted asian milfs pleasuring two cocks ,8 min,720p,4584210,Milfs In Japan,4.3k,861,cum|tits|milf|blowjob|mature|titjob|group|bigtits|bigboobs|dicksucking|highheels|on|japanese|tittyfuck|cumonboobs|garter|cumplay,32,https://www.xvideos.com/video11808685/bigtitted_asian_milfs_pleasuring_two_cocks
Attack on Titan Hentai ,10 min,720p,1281666,Camgals,1.5k,533,asian|japanese|japan|jav|cosplay|asian-porn|jav-porn|japanese-sister|japanese-mom,10,https://www.xvideos.com/video42001571/attack_on_titan_hentai
Anri Okita - Music Compilation - Mi mi mi ,3 min,720p,9290312,Cdeuproduction,11.7k,2.4k,facial|fucked|creampie|blowjob|threesome|bigtits|asian|gangbang|forced|body|japanese|compilation|perfect|music|cosplay|anri|sync|okita,49,https://www.xvideos.com/video18798209/anri_okita_-_music_compilation_-_mi_mi_mi
It was Okita Mirei all this time ,66 min,0p,1495173,Yafec,2.3k,416,asian|big-tits|natural-tits,0,https://www.xvideos.com/video48302663/it_was_okita_mirei_all_this_time
hard - anri okita and julia ,39 min,720p,816350,Hieucuratto,1.8k,324,big-tits,2,https://www.xvideos.com/video52796203/hard_-_anri_okita_and_julia
anri okita Skirt 2 ,47 min,0p,3916720,Matureloverguanajuato,9.6k,1.9k,stockings|skinny|asian|skirt|clothed-sex|anri-okita|tights-clothes,14,https://www.xvideos.com/video37063589/anri_okita_skirt_2
Anri Okita Tit Bounce&excl; Fucking AMAZING&excl; ,15 sec,720p,684713,Gmbg,656,109,tits|bigtits|asian|big-tits|bounce,3,https://www.xvideos.com/video36152923/anri_okita_tit_bounce_fucking_amazing_
GG-187 2 ,47 min,720p,9983639,Smashpuss,10.8k,3.7k,asian|japanese|anri|okita,17,https://www.xvideos.com/video25185691/gg-187_2
Anri Okita cumshot cum on mouth ,26 min,720p,120081,Ktnaga,144,77,cumshot|cum|hardcore|asian|japanese|big-tits|jav|big-boobs|anri-okita,0,https://www.xvideos.com/video55233035/anri_okita_cumshot_cum_on_mouth
A Horny&comma; Wild Slut Sucks One Dick While Riding Another ,8 min,0p,5412592,Sexywomanxxxx,6.6k,2k,xxx|666|sawyer,22,https://www.xvideos.com/video23567968/a_horny_wild_slut_sucks_one_dick_while_riding_another
Japanese teacher seduces his student - Full at Elitejavhd&period;com ,14 min,0p,6954001,Javqueen,4.5k,2.3k,interracial|milf|titjob|teacher|asian|legs|fetish|pantyhose|massage|footjob|japanese|foot|japan|tit-fuck|footfetish|jav|titty-fuck|foot-fetish|foot-job|feet-fuck,6,https://www.xvideos.com/video31065685/japanese_teacher_seduces_his_student_-_full_at_elitejavhd.com
anri okita love sex ,8 min,720p,213919,Muradnakrok,640,93,pornstar|milf|doggystyle|busty|big-tits|jav|anri-okita,7,https://www.xvideos.com/video57353533/anri_okita_love_sex
If You Can Endure Anri Okita 's Incredible Techniques&comma; You Get To Have Creampie Sex With Her&excl; ,52 min,720p,1297867,Puzzyslayer1,2.2k,503,cumshot|licking|hot|sexy|babe|sucking|creampie|blowjob|doggystyle|busty|bigtits|asian|cowgirl|blowjobs|big-ass|babes|japanese|big-tits|police|big-boobs,6,https://www.xvideos.com/video51498115/if_you_can_endure_anri_okita_s_incredible_techniques_you_get_to_have_creampie_sex_with_her_
Mikasa and Chun Li amazing fuck ,3 min,720p,3092744,Deviantnymph,2.8k,607,sexy|busty|bigtits|asian|japanese|cosplay,15,https://www.xvideos.com/video17083533/mikasa_and_chun_li_amazing_fuck
&lbrack;Eng Subbed JAV&rsqb; After an event&comma; I got An idol girl Anri Okita who must obey me when I give an order &lbrack;FHD at JavForReal&period;com&rsqb; ,50 min,720p,1936408,Jssun,2.6k,931,hardcore|sexy|fuck|toys|masturbation|japanese|big-tits|idol|anri-okita|english-subtitle,3,https://www.xvideos.com/video51569871/_eng_subbed_jav_after_an_event_i_got_an_idol_girl_anri_okita_who_must_obey_me_when_i_give_an_order_fhd_at_javforreal.com_
what's her name&quest;&quest; ,3 min,0p,7902968,Xeisero,6.9k,2.6k,wife|japanese,22,https://www.xvideos.com/video30670777/what_s_her_name_
Big tits asian ,7 min,0p,669738,Andergow,745,237,porn|sex|pussy|big|tits|pornstar|asian,2,https://www.xvideos.com/video31618281/big_tits_asian
japanese girl ,26 min,720p,4814616,Laurelqu3En0W,4.7k,1.4k,cumshot|cum|teen|tits|boobs|sucking|ass|blowjob|natural|amateur|young|teenie|asian|teasing|teens|pussyfucking|blowjobs|tight|japanese|amateur-japanese,8,https://www.xvideos.com/video34198415/japanese_girl
Asian MILF Fucks At The Office ,9 min,720p,2595443,Azijababe,4.1k,1.3k,cumshot|cum|boobs|fucked|hot|babe|milf|hairy|asian|american|beautiful|japanese|german|big-tits|jav|chikkan,7,https://www.xvideos.com/video44662007/asian_milf_fucks_at_the_office
Anri Sugihara big boobs japanese 27 ,3 min,0p,4037,Rodgersoft,6,3,teen|sexy|young|busty|asian|softcore|japanese|big-tits|big-boobs|anri-sugihara|gravure-idol,0,https://www.xvideos.com/video57410109/anri_sugihara_big_boobs_japanese_27
Anri Sugihara big boobs japanese 52 ,3 min,0p,1216,Rodgersoft,4,0,teen|sexy|young|busty|asian|softcore|japanese|big-tits|big-boobs|anri-sugihara|gravure-idol,0,https://www.xvideos.com/video57737087/anri_sugihara_big_boobs_japanese_52
Anri Okita &lbrack;JAV PMV&rsqb; ,3 min,0p,59042,Rchr1102,186,26,japanese|pmv,2,https://www.xvideos.com/video55800097/anri_okita_jav_pmv_
Japanese Milf teacher titsfuck with lucky student - Full at Elitejavhd&period;com ,18 min,0p,8690560,Javqueen,7.9k,4k,interracial|milf|titjob|teacher|asian|legs|fetish|pantyhose|massage|footjob|japanese|foot|japan|tit-fuck|footfetish|jav|titty-fuck|foot-fetish|foot-job|feet-fuck,13,https://www.xvideos.com/video30996721/japanese_milf_teacher_titsfuck_with_lucky_student_-_full_at_elitejavhd.com
http&colon;&sol;&sol;destyy&period;com&sol;wqR8Ja - Big Breasted Toy And Fucked ,27 min,0p,1887046,Javbubscom,2.4k,407,creampie|blowjob|handjob|threesome|toys|japanese|javbubs,4,https://www.xvideos.com/video26660933/http_destyy.com_wqr8ja_-_big_breasted_toy_and_fucked
Anri Sugihara big boobs japanese 44 ,7 min,0p,91019,Rodgersoft,86,33,teen|sexy|young|busty|asian|cute|softcore|japanese|big-tits|big-boobs|anri-sugihara|gravure-idol,0,https://www.xvideos.com/video57700961/anri_sugihara_big_boobs_japanese_44
Gang Banging a Female Teacher Anri Okita ,2 h 28 min,0p,4433048,Godingdang,8.3k,2.4k,teacher|gangbang|big-tits,7,https://www.xvideos.com/video37071895/gang_banging_a_female_teacher_anri_okita
stepmother big breasts anri okita ,1 h 52 min,720p,54649,Usa Binbin,111,18,milf|blowjob|handjob|threesome|japanese|sister|big-tits|jav|stepmom|anri-okita|jav-milf,1,https://www.xvideos.com/video57278503/stepmother_big_breasts_anri_okita
Jav Yoga sex big tits ,2 h 5 min,720p,2276345,Ktnaga,4.6k,1.8k,hardcore|milf|blowjob|handjob|asian|huge-tits|big-tits|jav|big-boobs|anri-okita|jav-milf,3,https://www.xvideos.com/video54912779/jav_yoga_sex_big_tits
Anri Okita vs&period; Hitomi Tanaka 2 ,22 sec,0p,4196190,Pervlovx,2.6k,431,cum|pussy|lesbians|bigtits|masturbation|asian|gangbang|bukkake|japanese|tanaka|hitomi|perfect-ass|bigcok|anri|perfect-tits|okita,12,https://www.xvideos.com/video18686833/anri_okita_vs._hitomi_tanaka_2
anri okita nude yoga ,83 min,0p,2368625,Kuniskuniskunis,2.9k,699,nude|japanese|yoga|anri-okita,8,https://www.xvideos.com/video47312137/anri_okita_nude_yoga
Anri Okita ,5 sec,0p,955711,Gmbg,512,68,asian|cowgirl,4,https://www.xvideos.com/video14939155/anri_okita
Japanese Cougar with huge boobs fucks shy guy ,24 min,0p,372844,Elitejavhd,529,137,stockings|milf|blowjob|busty|lingerie|asian|legs|huge-tits|fetish|kissing|japanese|japan|big-tits|cougar|jav|natural-boobs|big-boobs|tit-fucking|tits-fuck|tits-sucking,1,https://www.xvideos.com/video52405845/japanese_cougar_with_huge_boobs_fucks_shy_guy
JAV chick in Exotic Group Sex JAV movie ,80 min,720p,496832,Sonokousa,670,178,cumshot|asian|cute|mom|japanese|big-tits|jav|jav-free|jav-hd,3,https://www.xvideos.com/video47466897/jav_chick_in_exotic_group_sex_jav_movie
anri akoita ,3 min,0p,4415507,Faceled,5.5k,1.3k,teen|hardcore|asian|girlfriend|hardsex|big-tits|big-cock,43,https://www.xvideos.com/video24361171/anri_akoita
Hitomi Tanaka with Anri Okita&colon; blowjob lesson for Andrea Diprè ,3 min,720p,2290642,Andrea Dipre,1k,609,porn|sex|blowjob|oral|hentai|job|manga|japan|andrea|tanaka|hitomi|anri|okita|dipre,15,https://www.xvideos.com/video10657978/hitomi_tanaka_with_anri_okita_blowjob_lesson_for_andrea_dipre
Anri Okita soap big ass ,17 min,720p,137024,Ktnaga,206,66,hardcore|milf|blowjob|asian|big-tits|soap|jav|anri-okita|jav-milf,0,https://www.xvideos.com/video55075913/anri_okita_soap_big_ass
Big Tits Doctor Anri Okita Getting DRILLED By Sick Patient DAMN ,12 min,720p,1103774,Bluhking,1.4k,375,big-ass|doctor|japanese|big-tits|huge-breast|r18|anri-okita|blu-h,1,https://www.xvideos.com/video36781893/big_tits_doctor_anri_okita_getting_drilled_by_sick_patient_damn
Japonesa coje con varios indigentes ,1 h 58 min,0p,2168415,Senek,2.8k,1.3k,japonesa|con|coje|varios|anri|hoshizaki|indigentes,17,https://www.xvideos.com/video17153335/japonesa_coje_con_varios_indigentes
Japanese husband cant resist to huge tits wife ,17 min,0p,460527,Elitejavhd,344,139,milf|blowjob|rough|wife|busty|asian|pussy-licking|huge-tits|fetish|kissing|japanese|japan|big-tits|cougar|jav|huge-boobs|natural-boobs|big-boobs|armpit|tits-sucking,0,https://www.xvideos.com/video42676773/japanese_husband_cant_resist_to_huge_tits_wife
anri okita Skirt ,58 min,0p,1370411,Matureloverguanajuato,3.2k,500,stockings|skinny|skirt|tight|tight-clothes|clothed-sex|anri-okita,10,https://www.xvideos.com/video37061483/anri_okita_skirt
Anri Okita blowjob big tits ,27 min,720p,182785,Ktnaga,257,97,licking|sucking|asian|nurse|cowgirl|big-tits|jav|big-boobs|anri-okita,0,https://www.xvideos.com/video55234357/anri_okita_blowjob_big_tits
SpankBang 4some big tits and creampie 240p 02 ,87 sec,0p,442742,Greenlantern420,463,70,tanaka|hitmo,5,https://www.xvideos.com/video24720573/spankbang_4some_big_tits_and_creampie_240p_02
Hot Japan Beautiful Angel Happy with Fuck - pornxxx&period;store ,6 min,0p,767344,Pornxxxstore,756,233,asian-beautiful-girl|japanese-beautiful-girl|japanese-hot-beautiful-girl|asian-hot-japan-girl|asian-hot-baby|asian-hot-cuted-girl|japan-hot-cute|japanese-hot-angel,5,https://www.xvideos.com/video51296895/hot_japan_beautiful_angel_happy_with_fuck_-_pornxxx.store
Anri Okita Bisa Bahasa Java Parody ,5 min,720p,73216,Kudabetinah,42,21,sexy|slut|busty|solo|massage|japanese|big-tits|creep|mind-control|mind-break,0,https://www.xvideos.com/video48172857/anri_okita_bisa_bahasa_java_parody
Anri Sugihara big boobs japanese 47 ,5 min,0p,653,Rodgersoft,1,1,teen|sexy|young|busty|asian|softcore|japanese|big-tits|big-boobs|anri-sugihara|gravure-idol,0,https://www.xvideos.com/video57719553/anri_sugihara_big_boobs_japanese_47
Subtitles - Anri Hoshizaki in beautiful japanese threesome action ,11 min,720p,1532676,Jav HD,2k,238,cumshot|cum|sex|teen|sucking|cock|blowjob|amateur|mouth|threesome|group|asian|POV|action|in|nice|japanese|hd|mff|subtitles,7,https://www.xvideos.com/video21072029/subtitles_-_anri_hoshizaki_in_beautiful_japanese_threesome_action
Anri Sugihara big boobs japanese 49 ,7 min,0p,409,Rodgersoft,1,1,teen|sexy|young|busty|asian|softcore|japanese|big-tits|big-boobs|anri-sugihara|gravure-idol,0,https://www.xvideos.com/video57719641/anri_sugihara_big_boobs_japanese_49
Anri Sugihara big boobs japanese 26 ,12 min,0p,2805,Rodgersoft,5,1,teen|sexy|young|busty|asian|softcore|japanese|big-tits|big-boobs|anri-sugihara|gravure-idol,0,https://www.xvideos.com/video57409711/anri_sugihara_big_boobs_japanese_26
student lick her teacher in classroom new ,5 min,0p,22489598,Misscongenitality,24.8k,12.6k,big|boobs|teacher|asian,37,https://www.xvideos.com/video28823185/student_lick_her_teacher_in_classroom_new
Watchjavhd&period;net - Hot Asian compilation by Aznhaven ,28 min,720p,5470198,Topjavhd,6k,1.6k,hot|asian,15,https://www.xvideos.com/video29010491/watchjavhd.net_-_hot_asian_compilation_by_aznhaven
Slutty Anri Sonozaki twirls in pleasure in hot dildo action ,5 min,0p,95442,Alljavpass,43,7,cum|dildo|sex|amateur|vibrator|toys|asiangirl|on|asiansex|asians|japan|face|jav|anri|asian-woman|japansex|sonozaki|asian-babes|japan-sex,0,https://www.xvideos.com/video26281381/slutty_anri_sonozaki_twirls_in_pleasure_in_hot_dildo_action
Busty japanese cosplay milfs mouthful of cum ,8 min,720p,4014934,Milfs In Japan,3k,845,cumshot|cum|milf|blowjob|mouth|closeup|bigtits|asian|fishnets|costume|highheels|in|titfuck|japan|oriental|pussyrubbing|cosplay,6,https://www.xvideos.com/video13709773/busty_japanese_cosplay_milfs_mouthful_of_cum
Anri Okita - Delusion XS Class Actress ,22 min,0p,12384,Arimkao,27,5,sexy|masturbation|japanese|gravure,0,https://www.xvideos.com/video56758947/THUMBNUM/anri_okita_-_delusion_xs_class_actress
Busty Japanese Model Fucked as Succubus Cosplay ,10 min,720p,339569,Camgals,531,102,japanese|jav|cosplay|succubus|videogame|chun-li|overwatch|street-fighters,2,https://www.xvideos.com/video41608299/busty_japanese_model_fucked_as_succubus_cosplay
Busty Asian Maid Riding So Sexy ,71 sec,720p,2301091,Deviantnymph,3.1k,364,tits|boobs|sexy|busty|bigtits|bigboobs|asian|japanese,5,https://www.xvideos.com/video17309459/busty_asian_maid_riding_so_sexy
Anri Sugihara big boobs japanese 36 ,77 min,0p,30833,Rodgersoft,48,15,teen|sexy|young|busty|asian|softcore|japanese|big-tits|big-boobs|anri-sugihara|gravure-idol,0,https://www.xvideos.com/video57498571/anri_sugihara_big_boobs_japanese_36
スカイエンジェル 174 パート 1   小司あん ,12 min,0p,435384,Caribbeancom,312,131,japanese|nakadashi,1,https://www.xvideos.com/video38137049/_174_1_
Anri Sugihara big boobs japanese 17 ,13 min,0p,9600,Rodgersoft,17,2,teen|sexy|young|busty|asian|big-ass|softcore|japanese|big-tits|big-boobs|anri-sugihara|gravure-idol,0,https://www.xvideos.com/video57315421/anri_sugihara_big_boobs_japanese_17
Sexy Asian big boob ,5 min,720p,322199,Raymon1216,518,144,asian|bigboob,3,https://www.xvideos.com/video27298923/sexy_asian_big_boob
Extraordinary busty nipponese Anri Sonozaki enjoys a big chopper ,5 min,0p,2262,Adria-Hubbard,0,0,hardcore|creampie|blowjob|fingering|threesome|busty|asian|kissing|japanese|big-tits|group-sex,0,https://www.xvideos.com/video54184843/THUMBNUM/extraordinary_busty_nipponese_anri_sonozaki_enjoys_a_big_chopper
La tetona Hitomi Tanaka pajea con sus enormes tetas al vecino ,13 min,0p,789534,Jucasasa,1.3k,477,huge-tits|melons|titfuck|tittyfuck|big-tits|tit-fuck|tetona|chichona|melones|paizuri|paja-rusa|cumshot-in-tits|cumshot-in-boobs,16,https://www.xvideos.com/video52211701/la_tetona_hitomi_tanaka_pajea_con_sus_enormes_tetas_al_vecino
Anri Okita vs&period; Hitomi Tanaka ,48 sec,0p,1941244,Pervlovx,1.5k,246,lesbian|pussy|lesbians|bigtits|masturbation|asian|bigass|japanese|tanaka|hitomi|perfect-ass|anri|perfect-tits|okita,11,https://www.xvideos.com/video17135777/anri_okita_vs._hitomi_tanaka
ABP-364 full version https&colon;&sol;&sol;bit&period;ly&sol;2oaAQ7r ,66 sec,720p,1132200,Shiroutotv,729,331,blowjob|amateur|fuck|toy|bigtits|japanese,3,https://www.xvideos.com/video14573637/abp-364_full_version_https_bit.ly_2oaaq7r
Sex in hardcore along peachy tits Anri Hoshizaki - More at Javhd&period;net ,12 min,0p,1761616,Jav HD,1.5k,654,pussy|hardcore|sucking|cock|creampie|blowjob|riding|fingering|fuck|squirting|asian|dick|action|japanese|creamed|rear,1,https://www.xvideos.com/video25993349/sex_in_hardcore_along_peachy_tits_anri_hoshizaki_-_more_at_javhd.net
Anri Okita Group Sex Hardcore &lbrack;www&period;PornLax&period;com&rsqb; ,19 min,0p,959370,Miclear9956,1k,310,hardcore|pornstar|blowjob|groupsex|gangbang|big-tits|group-sex|big-boobs|anri-okita,2,https://www.xvideos.com/video37440263/anri_okita_group_sex_hardcore_www.pornlax.com_
Japanese wearing erotic Idol Image－sugihara anri 2 ,12 min,0p,769040,Ezero77,733,219,licking|lingerie|costume|shower|nude|massage|leg|lotion|idol|bank|este|streaks|imagevideo,6,https://www.xvideos.com/video16768161/japanese_wearing_erotic_idol_image-sugihara_anri_2
Anri Okita Cowlgirl ,5 min,0p,1101083,Gmbg,724,181,hardcore|asian|POV|big-tits,1,https://www.xvideos.com/video29894421/anri_okita_cowlgirl
Japanese - Namiki Anri ,3 min,0p,676480,Kamariahryu,221,110,japanese|namiki-anri,0,https://www.xvideos.com/video28138993/japanese_-_namiki_anri
Hitomi Tanaka and Anri Okita ,15 sec,0p,555269,Argxarg,261,45,boobs|asian|japan|hitomi,2,https://www.xvideos.com/video26298039/hitomi_tanaka_and_anri_okita
Big Tit Compilation III&colon; Tits from the East ,9 min,720p,5246490,Titty-Nation,4.4k,1.4k,big|tit|asian|japanese|compilation|julia|tanaka|ria|rin|sakuragi|nana|hitomi|aoyama|boin|kyoka|anri|oppai|aoki|okita,35,https://www.xvideos.com/video14916793/big_tit_compilation_iii_tits_from_the_east
Personal Mature Mommy Missionary POV Compilation ,26 min,0p,117677,Weedmademegay,194,34,hot|milf|amateur|mature|POV|fetish|mom|mommy|mother|compilation|missionary|big-tits|vanilla|big-boobs|personal|big-breasts,0,https://www.xvideos.com/video53206199/personal_mature_mommy_missionary_pov_compilation
Anri Sugihara big boobs japanese 55 ,3 min,0p,252,Rodgersoft,2,0,teen|sexy|young|busty|asian|softcore|japanese|big-tits|big-boobs|anri-sugihara|gravure-idol,0,https://www.xvideos.com/video57775271/anri_sugihara_big_boobs_japanese_55
Anri Okita on train ,10 sec,0p,458474,Hotasiangirls 3026,239,38,asian|big-tits,1,https://www.xvideos.com/video27138317/anri_okita_on_train
Anri Sugihara big boobs japanese 46 ,3 min,0p,470,Rodgersoft,1,0,teen|sexy|young|busty|asian|softcore|japanese|big-tits|big-boobs|anri-sugihara|gravure-idol,0,https://www.xvideos.com/video57701939/anri_sugihara_big_boobs_japanese_46
Anri Sugihara big boobs japanese 31 ,5 min,0p,16465,Rodgersoft,20,11,teen|sexy|young|busty|asian|softcore|japanese|big-tits|big-boobs|anri-sugihara|gravure-idol,0,https://www.xvideos.com/video57459453/anri_sugihara_big_boobs_japanese_31
Sexy Asian Anri Okita in Erotic Tight got fucked ,16 min,0p,808960,Immortalfuckerjashin,1.3k,167,big|ass|asian|latex|pantyhose|bigbreasts|anri-okita,1,https://www.xvideos.com/video34888055/sexy_asian_anri_okita_in_erotic_tight_got_fucked
Japanese hostess threesome in hotel - Full at Elitejavhd&period;com ,19 min,0p,7561950,Javqueen,5.5k,2.7k,interracial|blowjob|asian|legs|fetish|pantyhose|orgy|massage|footjob|japanese|hotel|foot|feet|japan|footfetish|jav|group-sex|foot-fetish|foot-job|feet-fuck,10,https://www.xvideos.com/video31007897/japanese_hostess_threesome_in_hotel_-_full_at_elitejavhd.com
Anri Sonozaki wants to swallow after such heavy xxx play ,12 min,720p,2813491,Hey Milf,3.5k,1.8k,pussy|licking|hardcore|sexy|ass|creampie|blowjob|riding|fingering|busty|lingerie|asian|dick|kissing|body|nice|japanese|creamed,5,https://www.xvideos.com/video33100393/anri_sonozaki_wants_to_swallow_after_such_heavy_xxx_play
Anri Okira big wet pussy ,2 min,720p,13434,Teenslove Teens,5,3,cum|pussy|shaved|wet|pussyfucking|drool|dripping|verified-profile,0,https://www.xvideos.com/video46149881/anri_okira_big_wet_pussy
Anri Sugihara big boobs japanese 1 ,11 min,720p,21733,Rodgersoft,33,9,teen|sexy|young|busty|asian|big-ass|softcore|japanese|big-tits|big-boobs|anri-sugihara|gravure-idol,2,https://www.xvideos.com/video57202165/anri_sugihara_big_boobs_japanese_1
Superb fuck by the pool with Hazuki Okita  - More at Javhd&period;net ,12 min,0p,1126125,Jav HD,803,319,teen|pussy|licking|hardcore|sucking|cock|creampie|bikini|blowjob|fingering|group|asian|action|nice|japanese|creamed|doggy-style|mini|headfuck,5,https://www.xvideos.com/video25967773/superb_fuck_by_the_pool_with_hazuki_okita_-_more_at_javhd.net
biggest cumshots ever ,2 min,0p,2147854,Fucker2390,2.2k,504,facial|fucking|hardcore|creampie|blowjob|hairy|bigcock|cumshots|japanese|cum-on-tits,21,https://www.xvideos.com/video11373569/biggest_cumshots_ever
&lbrack;Skyrim&rsqb; Anri The Seducer gets fucked by Raerek ,14 min,720p,9662,Theemperor500,23,5,girl|fuck|young|old|man|big-ass|big-tits|skyrim,0,https://www.xvideos.com/video50317283/_skyrim_anri_the_seducer_gets_fucked_by_raerek
Anri Sugihara big boobs japanese 7 ,6 min,0p,3943,Rodgersoft,7,3,teen|sexy|young|busty|asian|big-ass|softcore|japanese|big-tits|big-boobs|anri-sugihara|gravure-idol,0,https://www.xvideos.com/video57242395/anri_sugihara_big_boobs_japanese_7
Anri Sugihara big boobs japanese 14 ,14 min,0p,4276,Rodgersoft,8,3,teen|sexy|young|busty|asian|big-ass|softcore|japanese|big-tits|big-boobs|anri-sugihara|gravure-idol,0,https://www.xvideos.com/video57279513/anri_sugihara_big_boobs_japanese_14
can anyone know her name&quest; ,7 min,0p,2481133,Lsadfor9,1.4k,785,big|hot|tit|kitchen|beautiful|breast|nice|japanese|great|blonce,15,https://www.xvideos.com/video30011949/can_anyone_know_her_name_
Anri Sugihara big boobs japanese 39 ,8 min,0p,3925,Rodgersoft,6,1,teen|sexy|young|busty|asian|softcore|japanese|big-tits|big-boobs|anri-sugihara|gravure-idol,0,https://www.xvideos.com/video57517643/anri_sugihara_big_boobs_japanese_39
Subtitles - Anri Hoshizaki in beautiful japanese threesome action - From JAVz&period;se ,10 min,720p,77466,Hautyhaut,77,13,teen|amateur|threesome|POV|japanese|hd|mff|cum-eating|subtitles|cum-in-mouth|cock-sucking|nice-teen|javz|group-action,0,https://www.xvideos.com/video29570325/subtitles_-_anri_hoshizaki_in_beautiful_japanese_threesome_action_-_from_javz.se
Juicy lesbian play along horny Japanese Anri ,12 min,0p,2938626,Jav HD,1.9k,619,stockings|pussy|licking|black|hardcore|sexy|sucking|cock|ass|tit|uniform|group|lingerie|asian|action|lick|japanese|mmf|creamed|creampies,9,https://www.xvideos.com/video13914245/juicy_lesbian_play_along_horny_japanese_anri
Anri Sugihara big boobs japanese 5 ,12 min,0p,4318,Rodgersoft,4,3,teen|sexy|young|busty|asian|big-ass|softcore|japanese|big-tits|big-boobs|anri-sugihara|gravure-idol,0,https://www.xvideos.com/video57225933/anri_sugihara_big_boobs_japanese_5
Anri Sonozaki works cock in both her tight holes ,12 min,720p,95071,Hey Milf,73,24,cumshot|cum|sexy|vibrator|toy|toys|lingerie|asian|on|insertion|japanese|face,0,https://www.xvideos.com/video32923273/anri_sonozaki_works_cock_in_both_her_tight_holes
Anri Okita Fantastic PMV ,3 min,720p,57947,Rchr1102,139,16,japanese|music-video|anri-okita,0,https://www.xvideos.com/video52824207/anri_okita_fantastic_pmv
Anri Sugihara bikini series on DobriDelovi&period;com ,7 min,720p,49790,Kucofrisup,26,12,brunette|celebrity|asian|big-tits|big-boobs,0,https://www.xvideos.com/video53180715/anri_sugihara_bikini_series_on_dobridelovi.com
Andrea Diprè for HER - Anri Okita ,3 min,720p,783145,Andrea Dipre,401,124,andrea|anri|okita|dipre,6,https://www.xvideos.com/video20057327/andrea_dipre_for_her_-_anri_okita
Superb gangbang with obedient Hazuki Okita ,12 min,0p,1147941,Jav HD,704,339,stockings|cum|dildo|sex|teen|black|tits|sexy|fingering|small|toys|lingerie|asian|gag|bukkake|bondage|on|nice|japanese|handcuffs,2,https://www.xvideos.com/video15602283/superb_gangbang_with_obedient_hazuki_okita
98G奶小妹妹【加精合集】 -Chinese homemade video ,32 min,0p,7741416,Zhoujiaqi123,18.7k,2.9k,n|bn,57,https://www.xvideos.com/video34872149/98g_-chinese_homemade_video
Sexy Asian Anri Sonozaki in threesome extreme - More at Japanesemamas com ,12 min,720p,168715,Hey Milf,264,113,teen|hardcore|creampie|threesome|asian|japanese,0,https://www.xvideos.com/video53781251/sexy_asian_anri_sonozaki_in_threesome_extreme_-_more_at_japanesemamas_com
Beguiling maiden Anri Sonozaki banged hard ,5 min,0p,6854,Adria-Hubbard,5,1,hardcore|creampie|blowjob|asian|pussy-licking|kissing|japanese|big-tits|doggy-style,0,https://www.xvideos.com/video51848871/THUMBNUM/beguiling_maiden_anri_sonozaki_banged_hard
LCBD-00649 anri-sugihara gravure-idol japan sexy ,8 min,720p,1566314,Gravure-Idol,965,230,sexy|japanese|gravure-idols|anri-sugihara,8,https://www.xvideos.com/video14265539/lcbd-00649_anri-sugihara_gravure-idol_japan_sexy
Anri Sugihara big boobs japanese 53 ,9 min,0p,495,Rodgersoft,3,0,teen|sexy|young|busty|asian|softcore|japanese|big-tits|big-boobs|anri-sugihara|gravure-idol,0,https://www.xvideos.com/video57756141/anri_sugihara_big_boobs_japanese_53
Anri Sugihara big boobs japanese 51 ,7 min,0p,392,Rodgersoft,2,0,teen|sexy|young|busty|asian|softcore|japanese|big-tits|big-boobs|anri-sugihara|gravure-idol,0,https://www.xvideos.com/video57737037/anri_sugihara_big_boobs_japanese_51
Anri Sugihara big boobs japanese 34 ,8 min,0p,49027,Rodgersoft,51,14,teen|sexy|young|busty|asian|softcore|japanese|big-tits|big-boobs|anri-sugihara|gravure-idol,1,https://www.xvideos.com/video57497549/anri_sugihara_big_boobs_japanese_34
Sensual posing by amateur Japanese girl Anri ,12 min,0p,2162857,Jav HD,693,643,stockings|pussy|licking|black|hardcore|sexy|sucking|cock|ass|tit|uniform|group|lingerie|asian|action|lick|japanese|mmf|creamed|creampies,2,https://www.xvideos.com/video13897165/sensual_posing_by_amateur_japanese_girl_anri
Beautiful Anri Suzuki anal sex ,5 min,0p,2712949,Matures HD,1.3k,461,cumshot|facial|blowjob|asian|japanese|avidolz,4,https://www.xvideos.com/video3589524/beautiful_anri_suzuki_anal_sex
Anri Shows Her Blowjob Skills In POV Action- JavPornX&period;com ,19 min,720p,414405,Uncensoredjapaneseporn,834,96,porn|cumshot|teen|blowjob|uniform|POV|posing|japanese|uncensored|cum-in-mouth|cock-sucking|short-skirt|sexy-dress,2,https://www.xvideos.com/video37549085/anri_shows_her_blowjob_skills_in_pov_action-_javpornx.com
Ema Kisaki 3 Cruel Bondage 3 ,5 min,0p,1672402,Assmiko,899,422,bondage|fisting|emakisaki,0,https://www.xvideos.com/video14513861/ema_kisaki_3_cruel_bondage_3
Anri Sugihara big boobs japanese 37 ,5 min,0p,14707,Rodgersoft,7,4,teen|sexy|young|busty|asian|softcore|japanese|big-tits|big-boobs|anri-sugihara|gravure-idol,0,https://www.xvideos.com/video57517019/anri_sugihara_big_boobs_japanese_37
Anri Sugihara big boobs japanese 25 ,6 min,0p,3212,Rodgersoft,5,0,teen|sexy|young|busty|asian|softcore|japanese|big-tits|big-boobs|anri-sugihara|gravure-idol,0,https://www.xvideos.com/video57390867/anri_sugihara_big_boobs_japanese_25
Who is she &quest; Jav actress Glazed in cum while being fucked ,15 sec,720p,11471,Unrivalledpg,2,1,porn|facial|busty|japanese|julia|jav|japanese-porn|hitomi-tanaka|creamface|ruri-saijo|anri-okita|covered-in-cum|face-full-of-cum|yui-katano,2,https://www.xvideos.com/video54961207/THUMBNUM/who_is_she_jav_actress_glazed_in_cum_while_being_fucked
Ravishing busty idol Anri Sonozaki does a perfect blowjob ,5 min,0p,56224,Adria-Hubbard,51,10,hardcore|creampie|blowjob|fingering|busty|lingerie|asian|pussy-licking|kissing|japanese|big-tits|nice-ass|creamed-pussy|sexy-lingerie|dick-riding|body-licking,1,https://www.xvideos.com/video45470951/ravishing_busty_idol_anri_sonozaki_does_a_perfect_blowjob
Quay lén em Hằng xem sex rồi thủ dâm h&abreve;ng say&period; Sau &dstrok;ó em l&abreve;n ra ngủ như chết&comma; chắc là vì em phê quá ,13 min,720p,932709,Giac Mo Mau Bien,664,509,maria-ozawa|hitomi-tanaka|ameri-ichinose|yui-hatano|ai-uehara|rie-tachikawa|anri-okata|yuuri-himero|azumi-miz,5,https://www.xvideos.com/video36945915/quay_len_em_hang_xem_sex_roi_thu_dam_hang_say._sau_o_em_lan_ra_ngu_nhu_chet_chac_la_vi_em_phe_qua
Anri Okita&comma; Knows How To Ride A Dick&excl; ,9 sec,720p,511602,Gmbg,572,64,pussy|asian|cowgirl|pussyfucking|ride,4,https://www.xvideos.com/video36152679/anri_okita_knows_how_to_ride_a_dick_
Ema Kisaki 3 Cruel Bondage 1 ,5 min,0p,5973515,Assmiko,3.5k,1.4k,toy|bondage|fisting,6,https://www.xvideos.com/video14512913/ema_kisaki_3_cruel_bondage_1
Juicy lesbian play along horny Japanese Anri ,12 min,0p,2382314,Jav HD,1.6k,692,dildo|sex|lesbian|teen|pussy|licking|ass|vibrator|toy|toys|hairy|asian|69|kissing|lick|insertion|nice|japanese,0,https://www.xvideos.com/video20187733/juicy_lesbian_play_along_horny_japanese_anri
Anri Sugihara big boobs japanese 56 ,6 min,0p,407,Rodgersoft,3,2,teen|sexy|young|busty|asian|cute|softcore|japanese|big-tits|big-boobs|anri-sugihara|gravure-idol,0,https://www.xvideos.com/video57793495/anri_sugihara_big_boobs_japanese_56
ShiroutoTV top page http&colon;&sol;&sol;bit&period;ly&sol;31WSYkv　Anri japanese amateur sex ,3 min,720p,1874531,Shiroutotv,612,368,blowjob|amateur|fuck|toy|bigtits|japanese,3,https://www.xvideos.com/video9795849/shiroutotv_top_page_http_bit.ly_31wsykv_anri_japanese_amateur_sex
Ema Kisaki 3 Cruel Bondage 2 ,5 min,0p,2175791,Assmiko,1.4k,489,bondage|fisting|emakisaki,6,https://www.xvideos.com/video14513723/ema_kisaki_3_cruel_bondage_2
初撮り人妻ドキュメント　沖田いつき ,65 sec,720p,102076,Jukujosukidesu,32,19,milf|wife|japanese|esposa|cheat|cream-pie|amateur-mature-woman,0,https://www.xvideos.com/video48072257/_
japonesa não aguentou a gozada ,3 min,0p,1867701,Pornobr88,2.9k,1.1k,gozadas|japonesas,16,https://www.xvideos.com/video26171085/japonesa_nao_aguentou_a_gozada
Sex-starved Anri Sonozaki fucked hard ,5 min,0p,2146,Adria-Hubbard,4,1,hardcore|creampie|blowjob|asian|kissing|japanese|big-tits,0,https://www.xvideos.com/video55192427/THUMBNUM/sex-starved_anri_sonozaki_fucked_hard
Slim Anri Sonozaki foot fetish fuck play on cam - More at Slurpjp&period;com ,12 min,720p,329360,Ferame,318,144,cumshot|blowjob|lingerie|asian|footjob|japanese,0,https://www.xvideos.com/video38749483/slim_anri_sonozaki_foot_fetish_fuck_play_on_cam_-_more_at_slurpjp.com
JAVHUB Stunning Japanese idol Okita Chikako gets fucked ,12 min,1080p,2703496,Javhub,3.7k,1.1k,hardcore|petite|blowjob|brunette|trimmed|doggystyle|squirting|toy|pussy-licking|pantyhose|japanese|facesitting|jav|uncensored|rimming|small-tits|1080p|uncensored-jav|jav-hub|okita-chikako,8,https://www.xvideos.com/video54092333/javhub_stunning_japanese_idol_okita_chikako_gets_fucked
Insolent scenes of gangbang with Hazuki Okita ,12 min,0p,1754886,Jav HD,791,421,teen|pussy|hardcore|sucking|cock|creampie|riding|fingering|threesome|group|asian|dick|action|nice|japanese|mmf|creamed|doggy-style,0,https://www.xvideos.com/video15560337/insolent_scenes_of_gangbang_with_hazuki_okita
seajav&period;org - Rin Mizusaki in Thick Cum Lover ,45 min,0p,2964455,Av Idolz,2k,659,cum|in|thick|lover|rin|mizusaki|seajav,6,https://www.xvideos.com/video750253/seajav.org_-_rin_mizusaki_in_thick_cum_lover
Subtitles - Japanese girls Anri Hoshizaki fucked by a lucky man ,11 min,720p,4256445,Jav HD,3.5k,1.1k,cumshot|sex|lesbian|teen|hardcore|sucking|cock|blowjob|threesome|group|asian|work|action|nice|japanese|facesitting|hand|hd|mff|subtitles,6,https://www.xvideos.com/video20973857/subtitles_-_japanese_girls_anri_hoshizaki_fucked_by_a_lucky_man
cute girl body show ,8 min,0p,1575520,Natara888,606,442,sex|asian|chinese|couple|thai|japanese|hiddencam|vietnam|korea|laos|khmer,7,https://www.xvideos.com/video26724307/cute_girl_body_show
Anri Sugihara big boobs japanese 54 ,8 min,0p,2040,Rodgersoft,6,0,teen|sexy|young|busty|asian|softcore|japanese|big-tits|big-boobs|anri-sugihara|gravure-idol,0,https://www.xvideos.com/video57756193/anri_sugihara_big_boobs_japanese_54
Anri Sugihara big boobs japanese 38 ,6 min,0p,12097,Rodgersoft,12,1,teen|sexy|young|busty|asian|softcore|japanese|big-tits|big-boobs|anri-sugihara|gravure-idol,0,https://www.xvideos.com/video57517585/anri_sugihara_big_boobs_japanese_38
Rui Kiriyama  big boobs japanese 163 ,6 min,0p,4851,Rodgersoft,6,1,teen|sexy|young|busty|asian|big-ass|softcore|japanese|big-tits|big-boobs|anri-sugihara|gravure-idol,0,https://www.xvideos.com/video57222149/rui_kiriyama_big_boobs_japanese_163
Hitomi y sus amigas ,45 sec,720p,47098,Argxarg,28,6,girls|boobs|asian|party|hitomi,0,https://www.xvideos.com/video26298207/hitomi_y_sus_amigas
LINE MOVIE 1446792580269 ,2 min,0p,1029404,Xmetalgearx,1k,199,cum|one|of|year|worth,8,https://www.xvideos.com/video17171173/line_movie_1446792580269
Anri Sugihara big boobs japanese 12 ,8 min,0p,2051,Rodgersoft,2,0,teen|sexy|young|busty|asian|big-ass|softcore|japanese|big-tits|big-boobs|anri-sugihara|gravure-idol,0,https://www.xvideos.com/video57262129/anri_sugihara_big_boobs_japanese_12
Sensual porn play in doggy scenes for nude Hazuki Okita - More at 69avs com ,12 min,720p,424491,AV 69,382,274,teen|hardcore|creampie|fingering|asian|japanese,0,https://www.xvideos.com/video47570307/sensual_porn_play_in_doggy_scenes_for_nude_hazuki_okita_-_more_at_69avs_com
Serious porn play in outdoor with cock sucking Anri Sonozaki ,12 min,0p,1931569,Jav HD,936,381,teen|pussy|licking|hardcore|fingering|fuck|tit|threesome|asian|action|japanese|creamed|rear,1,https://www.xvideos.com/video17347471/serious_porn_play_in_outdoor_with_cock_sucking_anri_sonozaki
Anri Okita sexy big tits japanese ,6 min,0p,1360183,Jxera,930,277,fucking|japanese|as|big-tits|anri|okita,0,https://www.xvideos.com/video23457490/anri_okita_sexy_big_tits_japanese
Anri Hoshizaki splashed with cum after wild group fuck  - More at Slurpjp&period;com ,12 min,720p,55388,Ferame,27,9,facial|bikini|blowjob|toys|asian|japanese|threesime,0,https://www.xvideos.com/video36408333/anri_hoshizaki_splashed_with_cum_after_wild_group_fuck_-_more_at_slurpjp.com
Hazuki Okita gets cock in each of her creamy holes ,12 min,0p,2141736,Jav HD,868,405,teen|pussy|licking|hardcore|tits|ass|creampie|riding|fingering|small|asian|dick|action|nice|japanese|creamed|doggy-style,1,https://www.xvideos.com/video15621701/hazuki_okita_gets_cock_in_each_of_her_creamy_holes
Chick Anri Sonozaki's snatch rules the world ,5 min,0p,8719,Adria-Hubbard,9,2,hardcore|creampie|blowjob|fingering|threesome|busty|asian|kissing|japanese|big-tits|group-sex,0,https://www.xvideos.com/video52430195/THUMBNUM/chick_anri_sonozaki_s_snatch_rules_the_world
Taboo Japanese blowjob and sixtynine Anri Namiki Subtitles ,5 min,720p,2609840,Zenra,316,207,milf|blowjob|deepthroat|busty|asian|stripping|69|mom|oral|family|japanese|mother|japan|striptease|big-tits|sixtynine|fellatio|taboo|cougar|jav,0,https://www.xvideos.com/video52741163/taboo_japanese_blowjob_and_sixtynine_anri_namiki_subtitles
Japanese wearing erotic Idol Image－sugihara anri 1 ,7 min,0p,589379,Ezero77,423,66,licking|lingerie|costume|shower|nude|massage|leg|lotion|idol|bank|este|streaks|imagevideo,2,https://www.xvideos.com/video16768047/japanese_wearing_erotic_idol_image-sugihara_anri_1
Hazuki Okita obeys and pleases hunks with her pussy - More at Javhd&period;net ,12 min,0p,127601,Jav HD,65,41,cumshot|sex|teen|sucking|cock|blowjob|group|vibrator|toys|masturbation|asian|work|action|nice|japanese|hand,0,https://www.xvideos.com/video28683365/hazuki_okita_obeys_and_pleases_hunks_with_her_pussy_-_more_at_javhd.net
Anri Sugihara gravure idol sexy on DobriDelovi&period;com ,1 h 33 min,720p,31316,Kucofrisup,51,11,sexy|brunette|celebrity|japanese|big-tits|big-boobs|gravure-idol,0,https://www.xvideos.com/video53115407/anri_sugihara_gravure_idol_sexy_on_dobridelovi.com
Ngồi im &dstrok;i em&comma; anh matxa chân cho&comma; sướng lắm&comma; hihi ,9 min,720p,38423,Giac Mo Mau Bien,7,7,maria-ozawa|hitomi-tanaka|ameri-ichinose|yui-hatano|ai-uehara|rie-tachikawa|anri-okata|yuuri-himero|azumi-miz,0,https://www.xvideos.com/video36945779/ngoi_im_i_em_anh_matxa_chan_cho_suong_lam_hihi
Anri Sugihara big boobs japanese 16 ,8 min,0p,11353,Rodgersoft,15,2,teen|sexy|young|busty|asian|big-ass|softcore|japanese|big-tits|big-boobs|anri-sugihara|gravure-idol,0,https://www.xvideos.com/video57298035/anri_sugihara_big_boobs_japanese_16
Hot Anry Kurata is doing a position 69 and enjoying ,12 min,720p,53386,Av Idolz,35,5,teen|handjob|amateur|young|high-heels|asian|pussy-licking|whore|japanese|facesitting|japan|jav|uncensored|pink-pussy|small-tits|face-fuck|gay-amateur|tight-pussy|position-69|english-subtitles,0,https://www.xvideos.com/video45688425/hot_anry_kurata_is_doing_a_position_69_and_enjoying
imo sex number 01736842871 ,73 sec,720p,18729,Anty Hot45,8,4,porn|sex|sexy|real|fuck|young|school|oral|indian|college|desi|bangla|village|malli|anty|vaby|capol|anry|imo-sex|call-girll,0,https://www.xvideos.com/video54517957/imo_sex_number_01736842871
Anri shares a big cock with her best friend ,12 min,0p,3147012,Jav HD,2.5k,667,stockings|pussy|licking|black|hardcore|sexy|sucking|cock|ass|tit|uniform|group|lingerie|asian|action|lick|japanese|mmf|creamed|creampies,17,https://www.xvideos.com/video13930643/anri_shares_a_big_cock_with_her_best_friend
Gym oke ,8 min,720p,789093,Sofm2017,491,270,sex|sexy|gym,2,https://www.xvideos.com/video25721133/gym_oke
Big booty babe Anry Kurata takes it from behind hard ,12 min,720p,62991,Av Idolz,53,29,teen|blowjob|brunette|doggystyle|bigtits|hairy|asian|japanese|reality|big-tits|big-boobs,0,https://www.xvideos.com/video43169889/big_booty_babe_anry_kurata_takes_it_from_behind_hard
&lbrack;SPICETVHD&rsqb; E827 HD 720p ,6 min,720p,5651074,Mareai,3.5k,1.4k,amateur|korean|korea|bigtit,13,https://www.xvideos.com/video9337155/_spicetvhd_e827_hd_720p
Anri Sugihara big boobs japanese 24 ,4 min,0p,5241,Rodgersoft,8,5,teen|sexy|young|busty|asian|softcore|japanese|big-tits|big-boobs|anri-sugihara|gravure-idol,0,https://www.xvideos.com/video57374123/anri_sugihara_big_boobs_japanese_24
Anri Sugihara big boobs japanese 15 ,11 min,0p,2183,Rodgersoft,7,0,teen|sexy|young|busty|asian|big-ass|softcore|japanese|big-tits|big-boobs|anri-sugihara|gravure-idol,0,https://www.xvideos.com/video57282859/anri_sugihara_big_boobs_japanese_15
Japanese girl getting facial cum all over body&period; What's her name &quest; ,3 min,0p,2381985,Biler Hunk,2.1k,704,facial|cock|ejaculation|bukkake|japanese|load|cumbath|bigload|jizz-drenching,15,https://www.xvideos.com/video21810947/japanese_girl_getting_facial_cum_all_over_body._what_s_her_name_
Anri Sugihara big boobs japanese 32 ,27 min,0p,1604,Rodgersoft,3,1,teen|sexy|young|busty|asian|softcore|japanese|big-tits|big-boobs|anri-sugihara|gravure-idol,0,https://www.xvideos.com/video57481547/anri_sugihara_big_boobs_japanese_32
Anri Sugihara big boobs japanese 2 ,9 min,720p,13094,Rodgersoft,10,5,teen|sexy|young|busty|asian|big-ass|softcore|japanese|big-tits|big-boobs|anri-sugihara|gravure-idol,0,https://www.xvideos.com/video57206143/anri_sugihara_big_boobs_japanese_2
Anri Sugihara big boobs japanese 20 ,4 min,0p,1144,Rodgersoft,3,0,teen|sexy|young|busty|asian|big-ass|softcore|japanese|big-tits|big-boobs|anri-sugihara|gravure-idol,0,https://www.xvideos.com/video57353051/anri_sugihara_big_boobs_japanese_20
Top Asian group sex along side Anri Hoshizaki - More at 69avs com ,12 min,720p,90700,AV 69,137,50,hardcore|creampie|blowjob|fingering|threesome|asian|japanese,0,https://www.xvideos.com/video54336739/top_asian_group_sex_along_side_anri_hoshizaki_-_more_at_69avs_com
Check hàng em rau thích &dstrok;eo mặt nạ ,9 min,720p,51500,Giac Mo Mau Bien,14,5,maria-ozawa|hitomi-tanaka|ameri-ichinose|yui-hatano|ai-uehara|rie-tachikawa|anri-okata|yuuri-himero|azumi-miz,0,https://www.xvideos.com/video36945837/check_hang_em_rau_thich_eo_mat_na
離婚（わか）れた夫とソープで再会 絶対に抱かれたくない男との生挿入中出しセックスで感じてしまった私 沖田いつき ,65 sec,1080p,232927,Jukujosukidesu,79,42,milf|handjob|squirting|actress|japanese|cumfacial|big-boobs|cream-pie|dick-sucking|av-idol|doggy-style-fuck|mature-woman,0,https://www.xvideos.com/video49495791/_
Anri Sugihara big boobs japanese 18 ,10 min,0p,3558,Rodgersoft,10,1,teen|sexy|young|busty|asian|big-ass|softcore|japanese|big-tits|big-boobs|anri-sugihara|gravure-idol,0,https://www.xvideos.com/video57332323/anri_sugihara_big_boobs_japanese_18
Flexbile teen Asian girl Hazuki Okita in the wild banging scene ,5 min,0p,93303,Javfreeporn,46,19,asian|japanese|jap|japan|oriental|jav|uncensored|japaneese|asian-woman|asian-babes|japan-sex|hazuki-okita,0,https://www.xvideos.com/video37039329/flexbile_teen_asian_girl_hazuki_okita_in_the_wild_banging_scene
Anri Sugihara - Soapy Bikini Bath - pornfresh&period;net ,11 min,0p,1257430,Livecam3X,1k,421,sexy|bikini|-|soapy,4,https://www.xvideos.com/video25692385/anri_sugihara_-_soapy_bikini_bath_-_pornfresh.net
Gorgeous Anri Hoshizaki blowjob gangbang XXX  - More at Slurpjp&period;com ,12 min,720p,636230,Ferame,879,275,cumshot|blowjob|threesome|asian|japanese,1,https://www.xvideos.com/video36853489/gorgeous_anri_hoshizaki_blowjob_gangbang_xxx_-_more_at_slurpjp.com
Serious blowbang series along nasty Anri Hoshizaki ,12 min,0p,1737921,Jav HD,1.7k,439,cumshot|cum|sucking|cock|blowjob|mouth|throat|threesome|group|asian|action|deep|in|japanese|mmf,8,https://www.xvideos.com/video15535413/serious_blowbang_series_along_nasty_anri_hoshizaki
Anri Suzuki - Tora-Tora Platinum vol 48 1st scene ,47 min,0p,3435328,Av Idolz,3.5k,780,licking|creampie|masturbation|japanese|idol|jav|uncensored|av|suzuki|anri|tora-tora,2,https://www.xvideos.com/video20085903/anri_suzuki_-_tora-tora_platinum_vol_48_1st_scene
Mat xa chân cho em gái dâm dục&comma; chắc là em phê lắm&comma; em cười như hoa thế kia cơ mà ,14 min,720p,55601,Giac Mo Mau Bien,17,18,maria-ozawa|hitomi-tanaka|ameri-ichinose|yui-hatano|ai-uehara|rie-tachikawa|anri-okata|yuuri-himero|azumi-miz,0,https://www.xvideos.com/video36945887/mat_xa_chan_cho_em_gai_dam_duc_chac_la_em_phe_lam_em_cuoi_nhu_hoa_the_kia_co_ma
Sinful nipponese Anri Sonozaki and throbbing schlong ,5 min,0p,2876,Adria-Hubbard,1,0,hardcore|creampie|blowjob|asian|kissing|japanese|big-tits,0,https://www.xvideos.com/video53615107/THUMBNUM/sinful_nipponese_anri_sonozaki_and_throbbing_schlong
xvideos&period;com 01d810c0acdcd5d9fffaf7b73838aea6 ,5 min,0p,10627,Antran40,1,1,lesbian|3d|with|friend|her|play|anri,0,https://www.xvideos.com/video21276881/THUMBNUM/xvideos.com_01d810c0acdcd5d9fffaf7b73838aea6
Indonesia girls and models at our london agency ,6 min,0p,223181,Asianbusty,57,22,girls|asian|models|oriental|uk|london|vip|escorts|indonesia,1,https://www.xvideos.com/video6986201/indonesia_girls_and_models_at_our_london_agency
Wild fantasy outdoor sex for Anri Sonozaki - More at Japanesemamas com ,12 min,720p,298907,Hey Milf,362,122,teen|hardcore|creampie|threesome|asian|japanese,0,https://www.xvideos.com/video50683597/wild_fantasy_outdoor_sex_for_anri_sonozaki_-_more_at_japanesemamas_com
Sexy Assian Webcam Dance Hot Girl 1 ,4 min,0p,52073,Adult900Cams,25,11,porn|sex|ass|bdsm|fetish|breast|bondage|angel|dominatrix|adult|worship|foxy|tanaka|di|clubs|hitomi|foxxy|cuckolds|anri|okita,1,https://www.xvideos.com/video21491731/sexy_assian_webcam_dance_hot_girl_1
Pretty Teen Masturbating In Front Of A Webcam 4 ,6 min,0p,44673,Adult900Cams,24,13,porn|sex|ass|bdsm|fetish|breast|bondage|angel|dominatrix|adult|worship|foxy|tanaka|di|clubs|hitomi|foxxy|cuckolds|anri|okita,0,https://www.xvideos.com/video21492021/pretty_teen_masturbating_in_front_of_a_webcam_4
Fucking japanese girl &lpar;Miss Okita&rpar;&comma; Scenes 4 - LINK GAME&colon; https&colon;&sol;&sol;stfly&period;io&sol;LrDs5OHS ,54 sec,0p,2889,Mysexgames,2,0,japanese-girl|fucking-japanese-girl,1,https://www.xvideos.com/video51122621/fucking_japanese_girl_miss_okita_scenes_4_-_link_game_https_stfly.io_lrds5ohs
Anri Sonozaki smashing porn play with facial end - From JAVz&period;se ,12 min,0p,19322,Hautyhaut,5,1,dildo|teen|hardcore|petite|brunette|trimmed|skinny|amateur|vibrator|toys|tight|orgasm|japanese|cum-on-face|sex-toys|adult-toys|natural-tits|javz,0,https://www.xvideos.com/video29507057/THUMBNUM/anri_sonozaki_smashing_porn_play_with_facial_end_-_from_javz.se
Hot exotic gf Anri Sonozaki getting penetrated ,5 min,0p,17698,Adria-Hubbard,14,6,hardcore|creampie|blowjob|fingering|threesome|busty|asian|kissing|japanese|big-tits|nice-ass|group-sex|deep-penetration|creamed-pussy|dick-riding,0,https://www.xvideos.com/video47781173/THUMBNUM/hot_exotic_gf_anri_sonozaki_getting_penetrated
Passionate oriental lady Anri Sonozaki desires deep penetration ,5 min,0p,5305,Adria-Hubbard,1,0,hardcore|creampie|blowjob|fingering|busty|lingerie|asian|kissing|japanese|big-tits,0,https://www.xvideos.com/video52422039/THUMBNUM/passionate_oriental_lady_anri_sonozaki_desires_deep_penetration
Fucking japanese girl &lpar;Miss Okita&rpar;&comma; Scenes 5 - LINK GAME&colon; https&colon;&sol;&sol;stfly&period;io&sol;LrDs5OHS ,62 sec,0p,2193,Mysexgames,2,0,japanese-girl|fucking-japanese-girl,0,https://www.xvideos.com/video51122627/fucking_japanese_girl_miss_okita_scenes_5_-_link_game_https_stfly.io_lrds5ohs
Mat xa chân cho em Phương Ly&comma; em sướng tê người ,10 min,720p,53777,Giac Mo Mau Bien,14,12,maria-ozawa|hitomi-tanaka|ameri-ichinose|yui-hatano|ai-uehara|rie-tachikawa|anri-okata|yuuri-himero|azumi-miz,0,https://www.xvideos.com/video36945783/mat_xa_chan_cho_em_phuong_ly_em_suong_te_nguoi
Sensual Anri enjoys a good pussy stimulation ,12 min,0p,640803,Jav HD,295,135,sex|teen|pussy|sexy|uniform|vibrator|toys|masturbation|lingerie|asian|posing|skirt|nice|japanese|mini|stimulation,0,https://www.xvideos.com/video20753047/sensual_anri_enjoys_a_good_pussy_stimulation
Dissolute Anri Sonozaki doggy style banging ,5 min,0p,5925,Adria-Hubbard,0,0,hardcore|creampie|blowjob|fingering|threesome|busty|asian|kissing|japanese|big-tits|nice-ass|group-sex|deep-penetration|creamed-pussy|dick-riding,0,https://www.xvideos.com/video50652387/THUMBNUM/dissolute_anri_sonozaki_doggy_style_banging
Dangler stuffed in dishy busty sweetie Anri Sonozaki's mouth and copher ,5 min,0p,217,Adria-Hubbard,2,0,hardcore|creampie|blowjob|asian|kissing|japanese|big-tits,0,https://www.xvideos.com/video57200271/THUMBNUM/dangler_stuffed_in_dishy_busty_sweetie_anri_sonozaki_s_mouth_and_copher
Anri Sugihara big boobs japanese 19 ,5 min,0p,1507,Rodgersoft,3,1,teen|sexy|young|busty|asian|big-ass|softcore|japanese|big-tits|big-boobs|anri-sugihara|gravure-idol,0,https://www.xvideos.com/video57352733/anri_sugihara_big_boobs_japanese_19
Anri Sugihara big boobs japanese 29 ,5 min,0p,2911,Rodgersoft,5,0,teen|sexy|young|busty|asian|softcore|japanese|big-tits|big-boobs|rui-kiriyama|gravure-idol,0,https://www.xvideos.com/video57426535/anri_sugihara_big_boobs_japanese_29
突撃！隣のマンご飯！ 嶋村杏里 1 ,12 min,720p,50433,1pondo,52,33,blowjob|shaved|asian|69|japanese,0,https://www.xvideos.com/video57113837/_1
Japanese sweety&comma; Anri Hoshizaki is giving a great blowjob&comma; uncensored ,5 min,1080p,72038,Av Idolz,61,10,teen|hot|blowjob|brunette|nasty|asian|POV|close-up|sweet|japanese|japan|oriental|jav|uncensored|balls-lick,0,https://www.xvideos.com/video46288889/japanese_sweety_anri_hoshizaki_is_giving_a_great_blowjob_uncensored
Cute Asian beauty Anri Sonozaki enjoys a nice fuck ,5 min,0p,92113,Javfreeporn,48,48,asian|japanese|jap|japan|jav,0,https://www.xvideos.com/video35628895/cute_asian_beauty_anri_sonozaki_enjoys_a_nice_fuck
Hazuki Okita feels cock in pussy after top foreplay - More at 69avs com ,12 min,720p,99194,AV 69,104,29,teen|hardcore|creampie|fingering|asian|japanese,0,https://www.xvideos.com/video49088317/hazuki_okita_feels_cock_in_pussy_after_top_foreplay_-_more_at_69avs_com
&lbrack;Skyrim&rsqb; Anri The Seducer gets fucked by old man ,11 min,720p,5202,Theemperor500,11,4,girl|fuck|young|old|man|big-ass|big-tits|skyrim,0,https://www.xvideos.com/video52058187/_skyrim_anri_the_seducer_gets_fucked_by_old_man
Chấn &dstrok;ộng&comma; cô ca s&itilde; Yuri của SNSD lộ clip chat sex gây hoang mang dư luận Hàn Quốc ,82 sec,720p,193368,Giac Mo Mau Bien,65,76,maria-ozawa|hitomi-tanaka|ameri-ichinose|yui-hatano|ai-uehara|rie-tachikawa|anri-okata|yuuri-himero|azumi-miz,2,https://www.xvideos.com/video36945793/chan_ong_co_ca_si_yuri_cua_snsd_lo_clip_chat_sex_gay_hoang_mang_du_luan_han_quoc
杏里、AVデビューしちゃいます！　後編 - 嶋村杏里 1 ,12 min,0p,118366,HEYZO,77,44,asian|japanese,0,https://www.xvideos.com/video53634499/_av_-_1
Cheerful sweetheart Anri Sonozaki adores sex ,5 min,0p,20015,Adria-Hubbard,20,4,hardcore|creampie|blowjob|asian|pussy-licking|kissing|japanese|big-tits|doggy-style,0,https://www.xvideos.com/video46643039/cheerful_sweetheart_anri_sonozaki_adores_sex
Anri Sugihara big boobs japanese 21 ,2 min,0p,1515,Rodgersoft,1,0,teen|sexy|young|busty|asian|big-ass|softcore|japanese|big-tits|big-boobs|anri-sugihara|gravure-idol,0,https://www.xvideos.com/video57353083/anri_sugihara_big_boobs_japanese_21
Japanese slut&comma; Anri Hoshizaki is into facesitting in fishnets&comma; uncensored ,5 min,1080p,426035,Av Idolz,307,193,stockings|blowjob|brunette|fingering|group|asian|pussy-licking|japanese|facesitting|japan|jav|uncensored|small-tits|ass-lick|hairy-pussy,1,https://www.xvideos.com/video46907219/japanese_slut_anri_hoshizaki_is_into_facesitting_in_fishnets_uncensored
Overwhelming asian woman Anri Sonozaki adores taste of cum ,5 min,0p,3777,Adria-Hubbard,0,0,hardcore|creampie|blowjob|fingering|busty|lingerie|asian|kissing|japanese|big-tits,0,https://www.xvideos.com/video54184695/THUMBNUM/overwhelming_asian_woman_anri_sonozaki_adores_taste_of_cum
Fucking japanese girl &lpar;Miss Okita&rpar;&comma; Scenes 2 - LINK GAME&colon; https&colon;&sol;&sol;stfly&period;io&sol;LrDs5OHS ,30 sec,0p,2074,Mysexgames,0,0,japanese-girl|fucking-japanese-girl,0,https://www.xvideos.com/video51122597/fucking_japanese_girl_miss_okita_scenes_2_-_link_game_https_stfly.io_lrds5ohs
Anri Sonozaki loves dealing the cock in her ass - More at Japanesemamas com ,12 min,720p,1117485,Hey Milf,1.3k,382,hardcore|creampie|blowjob|asian|japanese,1,https://www.xvideos.com/video48460175/anri_sonozaki_loves_dealing_the_cock_in_her_ass_-_more_at_japanesemamas_com
The super-latest inveterate habit aesthetics to which Akira month Anri ministers ,3 min,720p,1240460,Shiroutotv,386,149,blowjob|amateur|fuck|toy|bigtits|japanese,2,https://www.xvideos.com/video11610113/the_super-latest_inveterate_habit_aesthetics_to_which_akira_month_anri_ministers
Fucking japanese girl &lpar;Miss Okita&rpar;&comma; Scenes 3 - LINK GAME&colon; https&colon;&sol;&sol;stfly&period;io&sol;LrDs5OHS ,41 sec,0p,2076,Mysexgames,1,0,japanese-girl|fucking-japanese-girl,0,https://www.xvideos.com/video51122607/fucking_japanese_girl_miss_okita_scenes_3_-_link_game_https_stfly.io_lrds5ohs
Anri Okita and Hitomi Tanaka Pack Completo&colon; http&colon;&sol;&sol;srt&period;am&sol;7PmLfE ,6 sec,0p,80432,Pack World,77,10,hentai|anime|ecchi|anri-okita|hitomi-tanak,0,https://www.xvideos.com/video36491649/anri_okita_and_hitomi_tanaka_pack_completo_http_srt.am_7pmlfe
Real Japanese home romance with hairy Anri Hoshizaki - More at 69avs com ,12 min,720p,346793,AV 69,347,169,hardcore|creampie|blowjob|fingering|squirting|asian|japanese,0,https://www.xvideos.com/video48823773/real_japanese_home_romance_with_hairy_anri_hoshizaki_-_more_at_69avs_com
xvideos&period;com f2a388ca337ff1d4d3fd636720b9d96b ,5 min,0p,11977,Antran40,3,0,lesbian|gets|anri,1,https://www.xvideos.com/video21724113/THUMBNUM/xvideos.com_f2a388ca337ff1d4d3fd636720b9d96b
Pretty Teen Masturbating In Front Of A Webcam 2 ,6 min,0p,49852,Adult900Cams,27,8,porn|sex|ass|bdsm|fetish|breast|bondage|angel|dominatrix|adult|worship|foxy|tanaka|di|clubs|hitomi|foxxy|cuckolds|anri|okita,2,https://www.xvideos.com/video21491965/pretty_teen_masturbating_in_front_of_a_webcam_2
Busty Anri Sonozaki enjoys cock in both her tight holes  - More at Japanesemamas com ,12 min,720p,2418023,Hey Milf,2.9k,1.2k,hardcore|creampie|blowjob|lingerie|asian|japanese,3,https://www.xvideos.com/video35849175/busty_anri_sonozaki_enjoys_cock_in_both_her_tight_holes_-_more_at_japanesemamas_com
Jav Anri Okita Big Boobs kcup ,68 min,720p,1535392,Lylychan,1.8k,516,milf|busty|asian|japanese|japan|big-tits|jav|big-boobs|javhd|jav-hd|anri-okita|jav-sex|jav-big-tits,7,https://www.xvideos.com/video46011803/jav_anri_okita_big_boobs_kcup
Sexy Assian Webcam Dance Hot Girl 2 ,4 min,0p,56297,Adult900Cams,27,11,porn|sex|ass|bdsm|fetish|breast|bondage|angel|dominatrix|adult|worship|foxy|tanaka|di|clubs|hitomi|foxxy|cuckolds|anri|okita,1,https://www.xvideos.com/video21491899/sexy_assian_webcam_dance_hot_girl_2
Anri Sugihara big boobs japanese 22 ,5 min,0p,15221,Rodgersoft,15,4,teen|sexy|young|busty|asian|big-ass|softcore|japanese|big-tits|big-boobs|anri-sugihara|gravure-idol,0,https://www.xvideos.com/video57372645/anri_sugihara_big_boobs_japanese_22
マゾ巨乳ＯＬあんり&lpar;24&rpar;第２章【気絶寸前アクメ調教でアヘ逝きが止まらぬ人格破壊】マゾ穴ナマ姦挿入理性崩壊オナホ同然の膣内に種付け子宮マーキングされ肉オナホ化。 ,2 min,1080p,674737,Info6ms,435,142,sex|sexy|asian|girlfriend|japanese,1,https://www.xvideos.com/video48073011/_ol_24_2_
Anri Sugihara big boobs japanese 45 ,3 min,0p,625,Rodgersoft,1,0,teen|sexy|young|busty|asian|softcore|japanese|big-tits|big-boobs|anri-sugihara|gravure-idol,0,https://www.xvideos.com/video57701097/anri_sugihara_big_boobs_japanese_45
Anri Sugihara big boobs japanese 35 ,12 min,0p,2434,Rodgersoft,3,1,teen|sexy|young|busty|asian|softcore|japanese|big-tits|big-boobs|anri-sugihara|gravure-idol,0,https://www.xvideos.com/video57497667/anri_sugihara_big_boobs_japanese_35
Anri Sugihara big boobs japanese 11 ,9 min,0p,1642,Rodgersoft,4,1,teen|sexy|young|busty|asian|big-ass|softcore|japanese|big-tits|big-boobs|anri-sugihara|gravure-idol,0,https://www.xvideos.com/video57262059/anri_sugihara_big_boobs_japanese_11
Anri Sugihara big boobs japanese 8 ,7 min,0p,2463,Rodgersoft,4,0,teen|sexy|young|busty|asian|big-ass|softcore|japanese|big-tits|big-boobs|anri-sugihara|gravure-idol,0,https://www.xvideos.com/video57242465/anri_sugihara_big_boobs_japanese_8
Horny Anri Suzuki pleasuring cock here ,5 min,0p,1555387,Matures HD,563,219,cumshot|creampie|blowjob|masturbation|asian|japanese|avidolz,3,https://www.xvideos.com/video3880014/horny_anri_suzuki_pleasuring_cock_here
Anri Sugihara big boobs japanese 42 ,6 min,0p,1072,Rodgersoft,1,0,teen|sexy|young|busty|asian|softcore|japanese|big-tits|big-boobs|anri-sugihara|gravure-idol,0,https://www.xvideos.com/video57683959/anri_sugihara_big_boobs_japanese_42
Anri Sugihara big boobs japanese 50 ,6 min,0p,5710,Rodgersoft,6,1,teen|sexy|young|busty|asian|softcore|japanese|big-tits|big-boobs|anri-sugihara|gravure-idol,1,https://www.xvideos.com/video57719681/anri_sugihara_big_boobs_japanese_50
Sexy Assian Webcam Dance Hot Girl 3 ,4 min,0p,56010,Adult900Cams,24,15,porn|sex|ass|bdsm|fetish|breast|bondage|angel|dominatrix|adult|worship|foxy|tanaka|di|clubs|hitomi|foxxy|cuckolds|anri|okita,0,https://www.xvideos.com/video21491925/sexy_assian_webcam_dance_hot_girl_3
Anri Sugihara big boobs japanese 4 ,5 min,0p,2724,Rodgersoft,6,1,teen|sexy|young|busty|asian|big-ass|softcore|japanese|big-tits|big-boobs|anri-sugihara|gravure-idol,0,https://www.xvideos.com/video57225843/anri_sugihara_big_boobs_japanese_4
Anri Sugihara big boobs japanese 13 ,7 min,0p,5714,Rodgersoft,9,1,teen|sexy|young|busty|asian|big-ass|softcore|japanese|big-tits|big-boobs|anri-sugihara|gravure-idol,0,https://www.xvideos.com/video57262183/anri_sugihara_big_boobs_japanese_13
Anri Sugihara big boobs japanese 33 ,10 min,0p,2459,Rodgersoft,2,0,teen|sexy|young|busty|asian|softcore|japanese|big-tits|big-boobs|anri-sugihara|gravure-idol,0,https://www.xvideos.com/video57481789/anri_sugihara_big_boobs_japanese_33
Summertime saga version 0&period;16 Miss bissette ,2 min,0p,298884,Prank Porn,326,170,porn|hot|sexy|jenny|debbie|diane|anon|roxxy|summertime-saga|short-films|summertime-saga-0-16|miss-okita|miss-bissette|prank-porn|summertime-saga-18,0,https://www.xvideos.com/video38051317/summertime_saga_version_0.16_miss_bissette
Solo Asian Girl Playing With Her Sex Toy HD Miho Ichiki-- JAVHDUNC&period;COM ,7 min,720p,372659,Kpongp,305,105,girl|solo|asian|hd|jav|sex-toy|miho-ichiki,0,https://www.xvideos.com/video31392501/solo_asian_girl_playing_with_her_sex_toy_hd_miho_ichiki--_javhdunc.com
Sensual sex scenes with a top Japan model Anri Hoshizaki - More at 69avs com ,12 min,720p,350127,AV 69,445,122,cumshot|teen|hardcore|blowjob|asian|japanese,0,https://www.xvideos.com/video45719461/sensual_sex_scenes_with_a_top_japan_model_anri_hoshizaki_-_more_at_69avs_com
Japanese honey&comma; Anri Hoshizaki gets excited with many guys&comma; uncensored ,5 min,1080p,462476,Av Idolz,263,123,teen|panties|handjob|brunette|skinny|group|asian|topless|japanese|japan|jav|uncensored|small-tits|hairy-pussy|hibh-heels,1,https://www.xvideos.com/video46557207/japanese_honey_anri_hoshizaki_gets_excited_with_many_guys_uncensored
Anri Sugihara big boobs japanese 10 ,8 min,0p,4588,Rodgersoft,11,4,teen|sexy|young|busty|asian|big-ass|softcore|japanese|big-tits|big-boobs|anri-sugihara|gravure-idol,0,https://www.xvideos.com/video57242625/anri_sugihara_big_boobs_japanese_10
友達の母親～最終章～ 沖田いつき ,65 sec,1080p,10699,Jukujosukidesu,6,2,milf|handjob|squirting|actress|pussylicking|japanese|cream-pie|dick-sucking|cheating-wife|french-kiss|female-masturbation|doggy-style-fuck|mature-woman|cowgirl-fuck,0,https://www.xvideos.com/video54570609/_~_~_
Sexy nipponese Anri Sonozaki's lovebox is drilled well ,5 min,0p,4781,Adria-Hubbard,4,1,hardcore|creampie|blowjob|fingering|busty|lingerie|asian|pussy-licking|kissing|japanese|big-tits|nice-ass|creamed-pussy|sexy-lingerie|dick-riding|body-licking,0,https://www.xvideos.com/video47781059/THUMBNUM/sexy_nipponese_anri_sonozaki_s_lovebox_is_drilled_well
犯され願望マゾ巨乳OLあんり（仮名）24歳【乳首イキでマンコどろどろ・スパンキングで感じるド変態女】ケツ振り寝取りマゾSEX・膣奥エグられヨガリ狂うエンドレス交尾 ,3 min,1080p,1416382,Info6ms,1k,450,sex|sexy|asian|girlfriend|japanese,3,https://www.xvideos.com/video47949355/_ol_24_sex_
Anri Sonozaki finger fucked and made to reach orgasm ,12 min,0p,817238,Jav HD,373,196,teen|amateur|fingering|vibrator|toys|masturbation|asian|nice|japanese,0,https://www.xvideos.com/video17475207/anri_sonozaki_finger_fucked_and_made_to_reach_orgasm
Ravishing busty woman Anri Sonozaki gets dinky in love tunnel ,5 min,0p,6914,Adria-Hubbard,1,0,hardcore|creampie|blowjob|asian|pussy-licking|kissing|japanese|big-tits|doggy-style,0,https://www.xvideos.com/video49446457/THUMBNUM/ravishing_busty_woman_anri_sonozaki_gets_dinky_in_love_tunnel
Anri Hoshizaki shows off amazing skills with a big dick - More at 69avs com ,12 min,720p,222220,AV 69,258,86,cumshot|teen|hardcore|blowjob|asian|japanese,0,https://www.xvideos.com/video50658289/anri_hoshizaki_shows_off_amazing_skills_with_a_big_dick_-_more_at_69avs_com
Check hàng em nhân viên Vietcombank ,3 min,720p,62936,Giac Mo Mau Bien,14,16,maria-ozawa|hitomi-tanaka|ameri-ichinose|yui-hatano|ai-uehara|rie-tachikawa|anri-okata|yuuri-himero|azumi-miz,0,https://www.xvideos.com/video36945789/check_hang_em_nhan_vien_vietcombank
Sexy Pool Table - pornfresh&period;net ,7 min,0p,179838,Livecam3X,133,30,sexy|pool|table,0,https://www.xvideos.com/video25694349/sexy_pool_table_-_pornfresh.net
Fucking japanese girl &lpar;Miss Okita&rpar;&comma; Scenes 1 - LINK GAME&colon; https&colon;&sol;&sol;stfly&period;io&sol;LrDs5OHS ,43 sec,0p,1869,Mysexgames,0,0,japanese-girl|fucking-japanese-girl,0,https://www.xvideos.com/video51122587/fucking_japanese_girl_miss_okita_scenes_1_-_link_game_https_stfly.io_lrds5ohs
Japanese threesome for thirsty Anri Sonozaki - More at Japanesemamas com ,12 min,720p,132098,Hey Milf,144,56,teen|hardcore|creampie|threesome|asian|japanese,0,https://www.xvideos.com/video48360099/japanese_threesome_for_thirsty_anri_sonozaki_-_more_at_japanesemamas_com
Anri Sonozaki smashing porn play with facial end ,12 min,0p,357374,Jav HD,181,66,cumshot|cum|dildo|sex|amateur|vibrator|toys|asian|POV|on|japanese|face,0,https://www.xvideos.com/video17347807/anri_sonozaki_smashing_porn_play_with_facial_end
Theo chân phóng viên &Dstrok;ài truyền hình &dstrok;ến khu phố &dstrok;èn &dstrok;ỏ chỉ toàn thấy anh em &dstrok;ịt nhau ,2 min,720p,60009,Giac Mo Mau Bien,11,10,maria-ozawa|hitomi-tanaka|ameri-ichinose|yui-hatano|ai-uehara|rie-tachikawa|anri-okata|yuuri-himero|azumi-miz,0,https://www.xvideos.com/video36945787/theo_chan_phong_vien_ai_truyen_hinh_en_khu_pho_en_o_chi_toan_thay_anh_em_it_nhau
Sexy porn play with insolent Japanese Anri Hoshizaki ,12 min,0p,1120459,Jav HD,343,173,cum|facial|dildo|sex|sucking|cock|bikini|blowjob|threesome|group|vibrator|toy|toys|asian|on|action|insertion|japanese|mmf|mini,1,https://www.xvideos.com/video15436145/sexy_porn_play_with_insolent_japanese_anri_hoshizaki
Anri Sugihara big boobs japanese 3 ,7 min,0p,6147,Rodgersoft,8,3,teen|sexy|young|busty|asian|big-ass|softcore|japanese|big-tits|big-boobs|anri-sugihara|gravure-idol,0,https://www.xvideos.com/video57223413/anri_sugihara_big_boobs_japanese_3
Glamor Anri Sonozaki with massive tits shows python riding skills ,5 min,0p,22367,Adria-Hubbard,19,3,hardcore|creampie|blowjob|fingering|threesome|busty|asian|kissing|japanese|big-tits|nice-ass|group-sex|deep-penetration|creamed-pussy|dick-riding,0,https://www.xvideos.com/video45484375/glamor_anri_sonozaki_with_massive_tits_shows_python_riding_skills
Anri Sonozaki slams cock down in sloppy modes  - More at Japanesemamas&period;com ,12 min,720p,151558,Hey Milf,108,34,cumshot|cum|pussy|sexy|ass|blowjob|mouth|tit|lingerie|asian|in|footjob|nice|japanese|squeezing|stimulation,0,https://www.xvideos.com/video33353921/anri_sonozaki_slams_cock_down_in_sloppy_modes_-_more_at_japanesemamas.com
Mischievous busty nipponese Anri Sonozaki getting penetrated ,5 min,0p,9681,Adria-Hubbard,7,1,hardcore|creampie|blowjob|fingering|busty|lingerie|asian|pussy-licking|kissing|japanese|big-tits|nice-ass|creamed-pussy|sexy-lingerie|dick-riding|body-licking,0,https://www.xvideos.com/video50652203/THUMBNUM/mischievous_busty_nipponese_anri_sonozaki_getting_penetrated
Horny Anri Suzuki pleasuring cock here ,5 min,0p,1620431,Matures HD,575,227,cumshot|creampie|blowjob|masturbation|asian|japanese|avidolz,0,https://www.xvideos.com/video3834463/horny_anri_suzuki_pleasuring_cock_here
Mút chân cho em Như&comma; em sướng&comma; em nằm im hưởng thụ&comma; chả thế thì nó sướng mà ,45 sec,720p,39128,Giac Mo Mau Bien,15,4,maria-ozawa|hitomi-tanaka|ameri-ichinose|yui-hatano|ai-uehara|rie-tachikawa|anri-okata|yuuri-himero|azumi-miz,1,https://www.xvideos.com/video36945791/THUMBNUM/mut_chan_cho_em_nhu_em_suong_em_nam_im_huong_thu_cha_the_thi_no_suong_ma
Serious porn play in outdoor with cock sucking Anri Sonozaki - From JAVz&period;se ,12 min,0p,42096,Hautyhaut,20,1,teen|hardcore|fingering|threesome|cowgirl|orgasm|3some|japanese|missionary|natural-tits|tit-licking|creamed-pussy|hardcore-action|rear-fuck|javz,0,https://www.xvideos.com/video29507019/THUMBNUM/serious_porn_play_in_outdoor_with_cock_sucking_anri_sonozaki_-_from_javz.se
Curly pussy milf in act ,5 min,0p,1330529,Japaneselover1982,614,319,hardcore|milf|mature|asian|japanese|asian-sex|sexy-milf|sexy-milfs|wet-cunt|hot-whores|free-porno-vidios|porn-sites|tight-pussy-fucked|missionary-porn|woman-fucking|women-sucking|hot-chicks-fucking|hot-mom-pussy|milf-next-door,3,https://www.xvideos.com/video14999171/curly_pussy_milf_in_act
Anri Pink Blouse Striptease ,4 min,0p,25939,Funsin7,29,2,tease|pink|strip,2,https://www.xvideos.com/video30022751/THUMBNUM/anri_pink_blouse_striptease
Busty asian legs up gets fucked hard ,5 min,0p,1030681,Smart3X,551,341,stockings|busty|bigtits|asian|heels|japanese,6,https://www.xvideos.com/video8858812/busty_asian_legs_up_gets_fucked_hard
Anri Sugihara big boobs japanese 40 ,11 min,0p,2643,Rodgersoft,5,1,teen|sexy|young|busty|asian|softcore|japanese|big-tits|big-boobs|anri-sugihara|gravure-idol,0,https://www.xvideos.com/video57534395/anri_sugihara_big_boobs_japanese_40
Lộ cảnh hậu trường của siêu mẫu Xuân Lan cực dâm dục gây hoang mang dư luận ,16 min,720p,970142,Giac Mo Mau Bien,538,760,maria-ozawa|hitomi-tanaka|ameri-ichinose|yui-hatano|ai-uehara|rie-tachikawa|anri-okata|yuuri-himero|azumi-miz,0,https://www.xvideos.com/video36945823/lo_canh_hau_truong_cua_sieu_mau_xuan_lan_cuc_dam_duc_gay_hoang_mang_du_luan
Wonderful oral sex in POV by amazing Hazuki Okita - More at Slurpjp&period;com ,12 min,720p,554956,Ferame,506,183,cumshot|cum|sex|teen|sucking|cock|blowjob|mouth|group|asian|action|in|nice|japanese,0,https://www.xvideos.com/video33776637/wonderful_oral_sex_in_pov_by_amazing_hazuki_okita_-_more_at_slurpjp.com
Anri Hoshizaki touched her warm vag while at work ,12 min,0p,289401,Jav HD,148,53,sex|girl|amateur|vibrator|toys|solo|asian|japanese,0,https://www.xvideos.com/video15483187/anri_hoshizaki_touched_her_warm_vag_while_at_work
Anri Sonozaki finger fucked and made to reach orgasm - From JAVz&period;se ,12 min,0p,25156,Hautyhaut,10,0,teen|trimmed|amateur|fingering|young|high-heels|vibrator|toys|masturbation|solo|POV|japanese|jav|adult-toys|javz,0,https://www.xvideos.com/video29507515/anri_sonozaki_finger_fucked_and_made_to_reach_orgasm_-_from_javz.se
このアダルトビデオのタイトルが知りたい ,20 min,720p,3532315,Japan Adult Federation,4.3k,1.2k,hentai|anime|asia|japan|anri-okita,11,https://www.xvideos.com/video38456051/_
16485B60-4C91-4280-AC27-5BA8CCD1B3BD&period;MOV ,15 sec,0p,6293,Mikiemikie2,0,0,da|anri|nini,0,https://www.xvideos.com/video34830169/THUMBNUM/16485b60-4c91-4280-ac27-5ba8ccd1b3bd.mov
Anri Hoshizaki enjoys cock in her bush and craves to swallow ,12 min,0p,1870805,Jav HD,1.1k,486,pussy|hardcore|sucking|cock|creampie|blowjob|riding|fingering|fuck|squirting|asian|dick|action|japanese|creamed|rear,1,https://www.xvideos.com/video15559783/anri_hoshizaki_enjoys_cock_in_her_bush_and_craves_to_swallow
Group scene in which Anri Hoshizaki gives incredible blowjobs ,5 min,0p,22392,Jpornvids,5,2,cum|dildo|sex|sucking|cock|bikini|group|vibrator|toy|toys|asian|on|action|insertion|japanese|face|mmf|mini|anri|hoshizaki,0,https://www.xvideos.com/video28398019/group_scene_in_which_anri_hoshizaki_gives_incredible_blowjobs
Penetrating Her ,3 min,0p,22928,Sexslaving,30,6,fucking|japanese|anri-okita,0,https://www.xvideos.com/video48993731/penetrating_her
Em gái Nhật Bản vú bự hướng dẫn cách ch&abreve;m sóc ngực ,20 min,720p,485578,Dsadasdsaddsdsadas,742,229,masturbation|asian|huge-tits|anime|beauty|japanese|amateurs|big-tits|idol|jav|cosplay|big-boobs|show-hang|anri-okita|vu-bu|nguc-khung|okita-anri,2,https://www.xvideos.com/video48157629/em_gai_nhat_ban_vu_bu_huong_dan_cach_cham_soc_nguc
Rin Mizusaki getting fingered   UNCENSORED ,8 min,0p,31309,Kraeker,12,0,fingered|getting|uncensored|rin|mizusaki,0,https://www.xvideos.com/video17277589/rin_mizusaki_getting_fingered_uncensored
Stunning tiro experience for cock sucking Anri Hoshizaki ,12 min,0p,1367025,Jav HD,682,284,pussy|licking|hardcore|sucking|cock|creampie|blowjob|riding|fingering|tit|threesome|group|asian|dick|pink|action|double|japanese|mmf|doggy-style,1,https://www.xvideos.com/video15436391/stunning_tiro_experience_for_cock_sucking_anri_hoshizaki
JUICY ASIAN TITS Vol&period; 4 ,2 min,720p,280378,Juicy Empire X,396,102,creampie|busty|japanese|compilation|uncensored|big-boobs|ruri-saijo|kaho-shibuya|anri-okita|juicy-asian-tits,3,https://www.xvideos.com/video54351731/juicy_asian_tits_vol._4
Japanese schoolgirl&comma; Anri Kawai got shaved&comma; uncensored ,5 min,1080p,87404,Av Idolz,85,48,teen|brunette|schoolgirl|uniform|asian|close-up|shaved-pussy|japanese|japan|shaving|jav|uncensored|spread-pussy|hairy-pussy,0,https://www.xvideos.com/video56827705/japanese_schoolgirl_anri_kawai_got_shaved_uncensored
Beautiful Anri Suzuki anal sex ,5 min,0p,2342225,Matures HD,976,349,cumshot|facial|blowjob|asian|japanese|avidolz,3,https://www.xvideos.com/video3880191/beautiful_anri_suzuki_anal_sex
Hazuki Okita sure loves cock in her nice mouth ,12 min,0p,407650,Jav HD,184,113,cumshot|cum|sex|teen|sucking|cock|blowjob|mouth|group|asian|action|in|nice|japanese,1,https://www.xvideos.com/video15642741/hazuki_okita_sure_loves_cock_in_her_nice_mouth
Anri Hoshizaki uses her lips to please two big cock - More at Javhd&period;net ,12 min,0p,352373,Jav HD,220,92,pussy|licking|hardcore|sucking|cock|creampie|blowjob|riding|fingering|tit|threesome|group|asian|dick|pink|action|double|japanese|mmf|doggy-style,2,https://www.xvideos.com/video28939307/anri_hoshizaki_uses_her_lips_to_please_two_big_cock_-_more_at_javhd.net
Naughty girl Anri Hoshizaki gives amazing blowjobs to her friends ,5 min,0p,32168,Javfreeporn,9,4,cum|sucking|cock|mouth|throat|group|asian|asiangirl|action|deep|asiansex|in|japanese|asians|japan|mmf|anri|hoshizaki|asian-woman|asian-babes,0,https://www.xvideos.com/video28398131/naughty_girl_anri_hoshizaki_gives_amazing_blowjobs_to_her_friends
japanese big tits anri okita fucked by pool watch more at dreamjapanesegirls&period;com ,21 min,720p,512736,Cumincider4Ever,459,137,cumshot|asian|japanese|big-tits|anri-okita,1,https://www.xvideos.com/video37006861/japanese_big_tits_anri_okita_fucked_by_pool_watch_more_at_dreamjapanesegirls.com
Hazuki Okita endures dicks in each of her nice holes ,12 min,0p,680764,Jav HD,358,181,teen|pussy|licking|hardcore|sucking|cock|creampie|bikini|blowjob|fingering|group|asian|action|nice|japanese|creamed|doggy-style|mini|headfuck,4,https://www.xvideos.com/video15559541/hazuki_okita_endures_dicks_in_each_of_her_nice_holes
Sweet Anri Sonozaki pumped in ravishing manners - From JAVz&period;se ,12 min,0p,59363,Hautyhaut,36,9,hardcore|milf|riding|fingering|hairy|cowgirl|pussy-licking|masturbate|kissing|japanese|pussy-eating|doggy-style|small-tits|natural-tits|javz,0,https://www.xvideos.com/video29507159/sweet_anri_sonozaki_pumped_in_ravishing_manners_-_from_javz.se
Slutty Anri Sonozaki twirls in pleasure in hot dildo action ,5 min,0p,25820,Alljavpass,3,1,cum|dildo|sex|amateur|vibrator|toys|asian|asiangirl|on|asiansex|japanese|jap|asians|japan|face|jav|asian-woman|japansex|asian-babes|japan-sex,0,https://www.xvideos.com/video33909133/THUMBNUM/slutty_anri_sonozaki_twirls_in_pleasure_in_hot_dildo_action
Sweet Anri Sonozaki pumped in ravishing manners ,12 min,0p,1632382,Jav HD,1.2k,390,pussy|licking|hardcore|asian|kissing|japanese|doggy-style,2,https://www.xvideos.com/video17379859/sweet_anri_sonozaki_pumped_in_ravishing_manners
突撃！隣のマンご飯！ 嶋村杏里 2 ,12 min,720p,183767,1pondo,212,112,sexy|blowjob|shaved|asian|69|japanese,0,https://www.xvideos.com/video57113831/_2
Anri Sugihara 杉原杏璃 「じーっとみつめて・・・」フェチ編集 ,9 min,720p,1046025,Kyonyuguravure,681,194,sexy|asian,4,https://www.xvideos.com/video30321403/anri_sugihara_
Japanese Lover ,19 min,720p,1126320,Turner1988,664,283,girl|young|asian|tease|nude|japanese|non,2,https://www.xvideos.com/video20661533/japanese_lover
Anri Sugihara big boobs japanese 48 ,5 min,0p,375,Rodgersoft,1,0,teen|sexy|young|busty|asian|softcore|japanese|big-tits|big-boobs|anri-sugihara|gravure-idol,0,https://www.xvideos.com/video57719585/anri_sugihara_big_boobs_japanese_48
Stunning tiro experience for cock sucking Anri Hoshizaki - From JAVz&period;se ,12 min,0p,41948,Hautyhaut,19,8,blowjob|fingering|threesome|asian|3some|japanese|mmf|doggy-style|pink-pussy|double-blowjob|cock-sucking|tit-licking|creamed-pussy|dick-riding|hardcore-action|javz|group-action,0,https://www.xvideos.com/video29445119/stunning_tiro_experience_for_cock_sucking_anri_hoshizaki_-_from_javz.se
Amateur Hazuki Okita feels like fucking in hardcore ,12 min,0p,144474,Jav HD,53,20,sex|teen|tits|ass|small|vibrator|toys|asian|nice|japanese,2,https://www.xvideos.com/video15535301/amateur_hazuki_okita_feels_like_fucking_in_hardcore
Philippine Pinoy girls and models at our london agency ,9 min,0p,134262,Asianbusty,53,21,girls|asian|models|pinoy|oriental|uk|london|vip|escorts|philippine,0,https://www.xvideos.com/video6986090/philippine_pinoy_girls_and_models_at_our_london_agency
Hardcore bukkake and dildoing for sexy Hazuki Okita in hot stockings ,5 min,0p,26366,Jpornvids,6,4,stockings|cum|dildo|sex|teen|black|tits|sexy|fingering|small|toys|lingerie|gag|cumshots|bondage|on|multiple|handcuffs|face|massive,0,https://www.xvideos.com/video28203593/hardcore_bukkake_and_dildoing_for_sexy_hazuki_okita_in_hot_stockings
Sensual posing by amateur Japanese girl Anri - From JAVz&period;se ,12 min,0p,21192,Hautyhaut,2,3,amateur|asian|japanese|nice-teen|javz,0,https://www.xvideos.com/video29409715/THUMBNUM/sensual_posing_by_amateur_japanese_girl_anri_-_from_javz.se
Lovely Anri Sonozaki sucks cock and gets fucked ,5 min,0p,163205,Alljavpass,123,71,pussy|licking|sexy|ass|riding|fingering|busty|lingerie|asian|dick|asiangirl|kissing|body|japanese|asians|creamed|anri|asian-woman|sonozaki|asian-babes,0,https://www.xvideos.com/video27607383/lovely_anri_sonozaki_sucks_cock_and_gets_fucked
Anri Sugihara big boobs japanese 9 ,7 min,0p,27018,Rodgersoft,30,6,teen|sexy|young|busty|asian|big-ass|softcore|japanese|big-tits|big-boobs|anri-sugihara|gravure-idol,0,https://www.xvideos.com/video57242557/anri_sugihara_big_boobs_japanese_9
杏里、AVデビューしちゃいます！　後編 - 嶋村杏里 2 ,12 min,0p,327896,HEYZO,207,91,asian|japanese,1,https://www.xvideos.com/video53634503/_av_-_2
Japanese AV star Anri Hoshizaki ENF CMNF party Subtitled ,5 min,0p,1098588,Zenra,334,173,group|asian|stripping|party|fetish|strip|japanese|bizarre|weird|japan|striptease|shy|strange|foreplay|fans|exposed|audience|cmnf|embarrassed|enf,3,https://www.xvideos.com/video13995407/japanese_av_star_anri_hoshizaki_enf_cmnf_party_subtitled
Smashing hardcore along superb Hazuki Okita - More at Javhd&period;net ,12 min,0p,2959247,Jav HD,2k,960,teen|pussy|licking|hardcore|tits|ass|creampie|riding|fingering|small|asian|dick|action|nice|japanese|creamed|doggy-style,3,https://www.xvideos.com/video26640395/smashing_hardcore_along_superb_hazuki_okita_-_more_at_javhd.net
Anri Okita Fucked Through clothes Full ,42 min,0p,1327454,Immortalfuckerjashin,2.7k,463,blowjob|asian|tight-dress|anri-okita,1,https://www.xvideos.com/video37051401/anri_okita_fucked_through_clothes_full
Sensual Anri enjoys a good pussy stimulation ,12 min,0p,738324,Jav HD,294,132,pussy|sexy|uniform|vibrator|toys|masturbation|lingerie|asian|posing|nice|japanese|stimulation,1,https://www.xvideos.com/video14045589/sensual_anri_enjoys_a_good_pussy_stimulation
Hazuki Okita&comma; babe in pink lingerie&comma; fucked hard - More at Javhd&period;net ,12 min,0p,665263,Jav HD,433,192,teen|pussy|hardcore|sucking|cock|creampie|riding|fingering|threesome|group|asian|dick|action|nice|japanese|mmf|creamed|doggy-style,1,https://www.xvideos.com/video26116157/hazuki_okita_babe_in_pink_lingerie_fucked_hard_-_more_at_javhd.net
Didlo engulfing asian wench ,5 min,0p,164718,Marrissa-Peters18,80,33,hardcore|lingerie|asian|japanese|fucked-hard|hotporn|asian-slut|best-blow-job-video|asian-free-porn|doggie-style-porn|asia-porn|blowjob-video|devil-tube|super-porn|free-fuck-clips|couples-fucking|asian-porno|japanese-xxx|hot-chicks-fucking,1,https://www.xvideos.com/video19998451/didlo_engulfing_asian_wench
波多野結衣&quest;黒髪美女がフェラで丁寧に精液しぼってごっくん。床にバイブを突き立てて、座位オナニーで腰振り昇天。ひとりエッチが初めてのわりにアヘ顔でイキまくる変態女。 ,7 min,0p,306300,Boin1919,154,69,blowjob|brunette|amateur|young|masturbation|japanese|lady|gostosa|jav|amadora|caseiro|amadoras|kawaii|shirouto,1,https://www.xvideos.com/video38031587/_
Japanese schoolgirl&comma; Anri Kawai enjoys mmf&comma; uncensored ,5 min,1080p,9351,Av Idolz,11,5,panties|brunette|pigtails|schoolgirl|vibrator|asian|trimmed-pussy|close-up|japanese|japan|mmf|jav|uncensored|sex-toys|school-uniform,0,https://www.xvideos.com/video57054083/THUMBNUM/japanese_schoolgirl_anri_kawai_enjoys_mmf_uncensored
Anri Sugihara big boobs japanese 6 ,15 min,0p,6456,Rodgersoft,13,3,teen|sexy|young|busty|asian|big-ass|softcore|japanese|big-tits|big-boobs|anri-sugihara|gravure-idol,0,https://www.xvideos.com/video57226041/anri_sugihara_big_boobs_japanese_6
Glorious Anri Sonozaki enjoys every second ,5 min,0p,1013,Adria-Hubbard,0,0,hardcore|creampie|blowjob|fingering|threesome|busty|asian|kissing|japanese|big-tits|group-sex,0,https://www.xvideos.com/video56202927/THUMBNUM/glorious_anri_sonozaki_enjoys_every_second
Schlong stuffed pungent japanese Anri Sonozaki's wet vagina ,5 min,0p,791,Adria-Hubbard,0,0,hardcore|creampie|blowjob|fingering|busty|lingerie|asian|kissing|japanese|big-tits,0,https://www.xvideos.com/video56183689/THUMBNUM/schlong_stuffed_pungent_japanese_anri_sonozaki_s_wet_vagina
Anri Sugihara big boobs japanese 23 ,75 min,0p,11364,Rodgersoft,23,4,teen|sexy|young|busty|asian|softcore|japanese|big-tits|big-boobs|anri-sugihara|gravure-idol,0,https://www.xvideos.com/video57372825/anri_sugihara_big_boobs_japanese_23
Anri Sugihara big boobs japanese 41 ,8 min,0p,1549,Rodgersoft,2,0,teen|sexy|young|busty|asian|softcore|japanese|big-tits|big-boobs|anri-sugihara|gravure-idol,1,https://www.xvideos.com/video57534585/anri_sugihara_big_boobs_japanese_41
Japanese milf&comma; Anri Hoshizaki&comma; sex with two men - More at 69avs com ,12 min,720p,92679,AV 69,131,87,hardcore|creampie|blowjob|fingering|threesome|asian|japanese,0,https://www.xvideos.com/video57351801/japanese_milf_anri_hoshizaki_sex_with_two_men_-_more_at_69avs_com
Anri Sugihara big boobs japanese 30 ,7 min,0p,7950,Rodgersoft,6,5,teen|sexy|young|busty|asian|softcore|japanese|big-tits|big-boobs|anri-sugihara|gravure-idol,0,https://www.xvideos.com/video57444105/anri_sugihara_big_boobs_japanese_30
Anri Sugihara big boobs japanese 28 ,4 min,0p,1748,Rodgersoft,1,0,teen|sexy|young|busty|asian|softcore|japanese|big-tits|big-boobs|anri-sugihara|gravure-idol,0,https://www.xvideos.com/video57426489/anri_sugihara_big_boobs_japanese_28
Anri Sugihara big boobs japanese 43 ,9 min,0p,12844,Rodgersoft,8,3,teen|sexy|young|busty|asian|softcore|japanese|big-tits|big-boobs|anri-sugihara|gravure-idol,1,https://www.xvideos.com/video57700833/anri_sugihara_big_boobs_japanese_43
